node,PANGOLINE,nsp6_Delta9,ORF9_TRS-3
root,B.1,0,0
EPI_ISL_753533,B.1,0,0
n0,B.1,0,0
n1,B.1,0,0
n2,B.1,0,0
EPI_ISL_832606,B.1,0,0
EPI_ISL_677506,B.1,0,0
EPI_ISL_677387,B.1,0,0
n3,B.1,0,0
n4,B.1,0,0
n5,B.1,0,0
EPI_ISL_1113313,B.1,0,0
EPI_ISL_1074472,B.1,0,0
n6,B.1,0,0
EPI_ISL_1080202,B.1,0,0
n7,B.1,0,0
n8,B.1,0,0
n9,B.1,0,0
n10,B.1,0,0
n11,B.1,0,0
n12,B.1,0,0
n13,B.1,0,0
EPI_ISL_786334,B.1,0,0
EPI_ISL_787040,B.1,0,0
EPI_ISL_784757,B.1,0,0
n14,B.1,0,0
EPI_ISL_848893,B.1,0,0
n15,B.1,0,0
EPI_ISL_786032,B.1,0,0
EPI_ISL_787636,B.1,0,0
EPI_ISL_786044,B.1,0,0
n16,B.1,0,0
EPI_ISL_785761,B.1,0,0
n17,B.1,0,0
n18,B.1,0,0
n19,B.1,0,0
EPI_ISL_790096,B.1,0,0
EPI_ISL_783727,B.1,0,0
EPI_ISL_1079527,B.1,0,0
EPI_ISL_787810,B.1,0,0
n20,B.1,0,0
n21,B.1,0,0
n22,B.1,0,0
n23,B.1,0,0
EPI_ISL_903823,B.1,0,0
n24,B.1,0,0
n25,B.1,0,0
n26,B.1.243,0,0
n27,B.1.243,0,0
n28,B.1.243,0,0
n29,B.1.243,0,0
n30,B.1.243,0,0
EPI_ISL_936210,B.1.243,0,0
EPI_ISL_966485,B.1.243,0,0
n31,B.1.243,0,0
n32,B.1.243,0,0
n33,B.1.243,0,0
n34,B.1.243,0,0
n35,B.1.243,0,0
n36,B.1.243,0,0
n37,B.1.243,0,0
n38,B.1.243,0,0
n39,B.1.243,0,0
n40,B.1.243,0,0
n41,B.1.243,0,0
n42,B.1.243,0,0
n43,B.1.243,0,0
EPI_ISL_767545,B.1.243,0,0
n44,B.1.243,0,0
EPI_ISL_754449,B.1.243,0,0
n45,B.1.243,0,0
EPI_ISL_1032580,B.1.243,0,0
n46,B.1.243,0,0
EPI_ISL_843187,B.1.243,0,0
EPI_ISL_911908,B.1.243,0,0
EPI_ISL_632996,B.1.243,0,0
EPI_ISL_886807,B.1.243,0,0
n47,B.1.243,0,0
n48,B.1.243,0,0
n49,B.1.243,0,0
n50,B.1.243,0,0
EPI_ISL_785927,B.1.243,0,0
n51,B.1.243,0,0
EPI_ISL_1087145,B.1,0,0
EPI_ISL_886246,B.1.243,0,0
n52,B.1.243,0,0
EPI_ISL_1038671,B.1.243,0,0
EPI_ISL_1133113,B.1.243,0,0
n53,B.1.243,0,0
n54,B.1.243,0,0
n55,B.1.243,0,0
n56,B.1.243,0,0
EPI_ISL_1078546,B.1.243,0,0
EPI_ISL_978601,B.1.243,0,0
n57,B.1.243,0,0
n58,B.1.243,0,0
EPI_ISL_1029955,B.1.243,0,0
n59,B.1.243,0,0
n60,B.1.243,0,0
EPI_ISL_1041355,B.1.243,0,0
EPI_ISL_983457,B.1.243,0,0
n61,B.1.243,0,0
EPI_ISL_1139499,B.1.243,0,0
n62,B.1.243,0,0
n63,B.1.243,0,0
EPI_ISL_1090339,B.1.243,0,0
EPI_ISL_1163300,B.1.243,0,0
n64,B.1.243,0,0
EPI_ISL_1094886,B.1.243,0,0
EPI_ISL_955053,B.1.243,0,0
n65,B.1.243,0,0
n66,B.1.243,0,0
n67,B.1.243,0,0
EPI_ISL_983473,B.1.243,0,0
n68,B.1.243,0,0
EPI_ISL_983447,B.1.243,0,0
EPI_ISL_983451,B.1.243,0,0
EPI_ISL_751771,B.1.243,0,0
EPI_ISL_1086562,B.1.243,0,0
EPI_ISL_1134667,B.1.243,0,0
n69,B.1.243,0,0
n70,B.1.243,0,0
EPI_ISL_747050,B.1.243,0,0
EPI_ISL_794141,B.1.243,0,0
n71,B.1.243,0,0
n72,B.1.243,0,0
EPI_ISL_1090941,B.1.243,0,0
EPI_ISL_769948,B.1.243,0,0
n73,B.1.243,0,0
EPI_ISL_888080,B.1.243,0,0
EPI_ISL_915348,B.1.243,0,0
n74,B.1.243,0,0
EPI_ISL_1022131,B.1.243,0,0
n75,B.1.243,0,0
EPI_ISL_754518,B.1.243,0,0
n76,B.1.243,0,0
EPI_ISL_734335,B.1.243,0,0
EPI_ISL_754520,B.1.243,0,0
n77,B.1.243,0,0
n78,B.1.243,0,0
n79,B.1.243,0,0
n80,B.1.243,0,0
EPI_ISL_832305,B.1.243,0,0
EPI_ISL_884033,B.1.243,0,0
EPI_ISL_754605,B.1.243,0,0
n81,B.1.243,0,0
EPI_ISL_903755,B.1.243,0,0
n82,B.1.243,0,0
EPI_ISL_767458,B.1.243,0,0
EPI_ISL_884069,B.1.243,0,0
n83,B.1.243,0,0
EPI_ISL_876322,B.1.243,0,0
EPI_ISL_977072,B.1.243,0,0
EPI_ISL_677104,B.1.243,0,0
EPI_ISL_752947,B.1.243,0,0
n84,B.1.243,0,0
n85,B.1.243,0,0
n86,B.1.243,0,0
EPI_ISL_925837,B.1.243,0,0
EPI_ISL_978374,B.1.243,0,0
EPI_ISL_978398,B.1.243,0,0
n87,B.1.243,0,0
n88,B.1.243,0,0
EPI_ISL_1097760,B.1.243,0,0
EPI_ISL_751844,B.1.243,0,0
EPI_ISL_767056,B.1.243,0,0
n89,B.1.243,0,0
n90,B.1.243,0,0
n91,B.1.243,0,0
EPI_ISL_753004,B.1.243,0,0
EPI_ISL_752993,B.1.243,0,0
EPI_ISL_967563,B.1.243,0,0
EPI_ISL_1049302,B.1.243,0,0
n92,B.1.243,0,0
n93,B.1.243,0,0
n94,B.1.243,0,0
EPI_ISL_752922,B.1.243,0,0
EPI_ISL_832652,B.1.243,0,0
EPI_ISL_752975,B.1.243,0,0
n95,B.1.243,0,0
EPI_ISL_753058,B.1.243,0,0
n96,B.1.243,0,0
n97,B.1.243,0,0
n98,B.1.243,0,0
n99,B.1.243,0,0
n100,B.1.243,0,0
n101,B.1.243,0,0
n102,B.1.243,0,0
EPI_ISL_753247,B.1.243,0,0
EPI_ISL_753248,B.1.243,0,0
EPI_ISL_967525,B.1.243,0,0
EPI_ISL_967625,B.1.243,0,0
EPI_ISL_967539,B.1.243,0,0
n103,B.1.243,0,0
EPI_ISL_753236,B.1.243,0,0
EPI_ISL_753258,B.1.243,0,0
EPI_ISL_967697,B.1.243,0,0
EPI_ISL_967582,B.1.243,0,0
EPI_ISL_753062,B.1.243,0,0
n104,B.1.243,0,0
EPI_ISL_824947,B.1.243,0,0
EPI_ISL_787822,B.1.243,0,0
n105,B.1.243,0,0
n106,B.1.243,0,0
n107,B.1.243,0,0
n108,B.1.243,0,0
EPI_ISL_824666,B.1.243,0,0
n109,B.1.243,0,0
EPI_ISL_893733,B.1.243,0,0
EPI_ISL_1038458,B.1.243,0,0
EPI_ISL_752905,B.1.243,0,0
EPI_ISL_1110126,B.1.243,0,0
n110,B.1.243,0,0
EPI_ISL_1090631,B.1.243,0,0
n111,B.1.243,0,0
n112,B.1.243,0,0
n113,B.1.243,0,0
n114,B.1.243,0,0
EPI_ISL_753197,B.1.243,0,0
EPI_ISL_753182,B.1.243,0,0
EPI_ISL_753136,B.1.243,0,0
EPI_ISL_753166,B.1.243,0,0
EPI_ISL_753150,B.1.243,0,0
EPI_ISL_752978,B.1.243,0,0
n115,B.1.243,0,0
n116,B.1.243,0,0
n117,B.1.243,0,0
n118,B.1.243,0,0
n119,B.1.243,0,0
EPI_ISL_936054,B.1.243,0,0
EPI_ISL_857250,B.1.243,0,0
EPI_ISL_1168451,B.1.243,0,0
EPI_ISL_966888,B.1.243,0,0
n120,B.1.243,0,0
n121,B.1.243,0,0
EPI_ISL_734460,B.1.243,0,0
EPI_ISL_734468,B.1.243,0,0
n122,B.1.243,0,0
n123,B.1.243,0,0
EPI_ISL_790292,B.1.243,0,0
EPI_ISL_790143,B.1.243,0,0
EPI_ISL_955411,B.1.243,0,0
n124,B.1.243,0,0
EPI_ISL_880220,B.1.243,0,0
n125,B.1.243,0,0
EPI_ISL_984561,B.1.243,0,0
n126,B.1.243,0,0
n127,B.1.243,0,0
n128,B.1.243,0,0
n129,B.1.243,0,0
EPI_ISL_677614,B.1,0,0
EPI_ISL_1009270,B.1.243,0,0
n130,B.1.243,0,0
n131,B.1.243,0,0
EPI_ISL_979237,B.1.243,0,0
n132,B.1.243,0,0
n133,B.1.243,0,0
n134,B.1.243,0,0
EPI_ISL_739188,B.1.243,0,0
n135,B.1.243,0,0
EPI_ISL_955405,B.1.243,0,0
EPI_ISL_905812,B.1.243,0,0
EPI_ISL_672520,B.1.243,0,0
EPI_ISL_806868,B.1,0,0
EPI_ISL_739583,B.1.243,0,0
n136,B.1.243,0,0
n137,B.1.243,0,0
EPI_ISL_906350,B.1.243,0,0
EPI_ISL_583168,B.1.243,0,0
EPI_ISL_739489,B.1.243,0,0
n138,B.1.243,0,0
n139,B.1.243,0,0
EPI_ISL_1136339,B.1.243,0,0
EPI_ISL_1136311,B.1.243,0,0
EPI_ISL_625619,B.1.243,0,0
EPI_ISL_982441,B.1.243,0,0
n140,B.1.243,0,0
EPI_ISL_936833,B.1.243,0,0
EPI_ISL_785153,B.1.243,0,0
EPI_ISL_648927,B.1.243,0,0
n141,B.1,0,0
n142,B.1,0,0
EPI_ISL_1064879,B.1,0,0
n143,B.1,0,0
n144,B.1,0,0
EPI_ISL_636150,B.1,0,0
n145,B.1,0,0
n146,B.1,0,0
n147,B.1,0,0
EPI_ISL_875594,B.1,0,0
n148,B.1,0,0
EPI_ISL_648384,B.1,0,0
n149,B.1,0,0
n150,B.1,0,0
n151,B.1,0,0
EPI_ISL_739025,B.1,0,0
EPI_ISL_1136860,B.1,0,0
EPI_ISL_1015339,B.1,0,0
n152,B.1,0,0
n153,B.1,0,0
EPI_ISL_648937,B.1,0,0
EPI_ISL_648485,B.1,0,0
n154,B.1,0,0
EPI_ISL_1027268,B.1,0,0
n155,B.1,0,0
n156,B.1,0,0
EPI_ISL_747212,B.1,0,0
EPI_ISL_872792,B.1,0,0
n157,B.1,0,0
EPI_ISL_936759,B.1,0,0
n158,B.1,0,0
n159,B.1,0,0
EPI_ISL_925514,B.1,0,0
EPI_ISL_1081400,B.1,0,0
EPI_ISL_978561,B.1,0,0
n160,B.1,0,0
n161,B.1,0,0
EPI_ISL_906369,B.1,0,0
n162,B.1,0,0
n163,B.1,0,0
EPI_ISL_625487,B.1,0,0
n164,B.1,0,0
EPI_ISL_936870,B.1,0,0
EPI_ISL_1036262,B.1,0,0
EPI_ISL_1079666,B.1,0,0
n165,B.1,0,0
n166,B.1,0,0
n167,B.1,0,0
n168,B.1,0,0
n169,B.1,0,0
EPI_ISL_1081678,B.1,0,0
EPI_ISL_753334,B.1,0,0
n170,B.1,0,0
n171,B.1,0,0
EPI_ISL_625645,B.1,0,0
EPI_ISL_1032316,B.1,0,0
EPI_ISL_1015715,B.1,0,0
n172,B.1,0,0
n173,B.1,0,0
n174,B.1,0,0
EPI_ISL_913683,B.1,0,0
EPI_ISL_751660,B.1,0,0
n175,B.1,0,0
EPI_ISL_982422,B.1,0,0
EPI_ISL_1169552,B.1,0,0
n176,B.1,0,0
EPI_ISL_635762,B.1,0,0
EPI_ISL_692851,B.1,0,0
n177,B.1,0,0
n178,B.1,0,0
EPI_ISL_1122284,B.1,0,0
EPI_ISL_1122287,B.1,0,0
EPI_ISL_739232,B.1,0,0
n179,B.1,0,0
n180,B.1,0,0
n181,B.1,0,0
n182,B.1,0,0
EPI_ISL_831864,B.1,0,0
EPI_ISL_878358,B.1,0,0
n183,B.1,1,0
EPI_ISL_905967,B.1,1,0
EPI_ISL_978460,B.1,1,0
EPI_ISL_824725,B.1,0,0
n184,B.1,0,0
n185,B.1,0,0
n186,B.1,0,0
n187,B.1,0,0
EPI_ISL_1038493,B.1,0,0
EPI_ISL_832355,B.1,0,0
n188,B.1,0,0
EPI_ISL_683826,B.1,0,0
n189,B.1,0,0
n190,B.1,0,0
EPI_ISL_966469,B.1,0,0
n191,B.1,0,0
n192,B.1,0,0
n193,B.1,0,0
n194,B.1,0,0
n195,B.1,0,0
EPI_ISL_861399,B.1,0,0
EPI_ISL_824302,B.1,0,0
n196,B.1,0,0
EPI_ISL_937457,B.1,0,0
EPI_ISL_683778,B.1,0,0
EPI_ISL_1068007,B.1,0,0
EPI_ISL_1016281,B.1,0,0
EPI_ISL_896506,B.1,0,0
EPI_ISL_683809,B.1,0,0
EPI_ISL_1097872,B.1,0,0
n197,B.1,0,0
EPI_ISL_937441,B.1,0,0
EPI_ISL_857420,B.1,0,0
n198,B.1,0,0
EPI_ISL_847770,B.1,0,0
n199,B.1,0,0
n200,B.1,0,0
n201,B.1,0,0
EPI_ISL_861127,B.1,0,0
n202,B.1,0,0
n203,B.1,0,0
EPI_ISL_982660,B.1,0,0
EPI_ISL_856942,B.1,0,0
n204,B.1,0,0
n205,B.1,0,0
n206,B.1,0,0
n207,B.1,0,0
EPI_ISL_734279,B.1,0,0
EPI_ISL_941242,B.1,0,0
EPI_ISL_734265,B.1,0,0
EPI_ISL_1078019,B.1,0,0
n208,B.1,0,0
n209,B.1,0,0
n210,B.1,0,0
n211,B.1,0,0
EPI_ISL_824953,B.1,0,0
EPI_ISL_804022,B.1,0,0
n212,B.1,0,0
EPI_ISL_1163541,B.1,0,0
EPI_ISL_906681,B.1,0,0
n213,B.1,0,0
EPI_ISL_1048762,B.1,0,0
EPI_ISL_937470,B.1,0,0
EPI_ISL_812204,B.1,0,0
n214,B.1,0,0
EPI_ISL_765761,B.1,0,0
n215,B.1,0,0
n216,B.1,0,0
n217,B.1,0,0
n218,B.1,0,0
n219,B.1,0,0
n220,B.1,0,0
EPI_ISL_1016617,B.1,0,0
EPI_ISL_888363,B.1,0,0
n221,B.1,0,0
EPI_ISL_1170982,B.1,0,0
EPI_ISL_925152,B.1,0,0
EPI_ISL_1095432,B.1,0,0
EPI_ISL_803331,B.1,0,0
n222,B.1,0,0
EPI_ISL_967963,B.1,0,0
n223,B.1,0,0
EPI_ISL_832729,B.1,0,0
n224,B.1,0,0
n225,B.1,0,0
n226,B.1,0,0
EPI_ISL_812224,B.1,0,0
n227,B.1,0,0
EPI_ISL_877544,B.1,0,0
EPI_ISL_884166,B.1,0,0
n228,B.1,0,0
n229,B.1,0,0
n230,B.1,0,0
EPI_ISL_583531,B.1,0,0
EPI_ISL_913157,B.1,0,0
EPI_ISL_737305,B.1,0,0
EPI_ISL_707818,B.1,0,0
EPI_ISL_1168680,B.1,0,0
EPI_ISL_785279,B.1,0,0
n231,B.1,0,0
n232,B.1,0,0
EPI_ISL_1074309,B.1,0,0
n233,B.1,0,0
EPI_ISL_1077265,B.1,0,0
EPI_ISL_1076197,B.1,0,0
n234,B.1,0,0
EPI_ISL_856922,B.1,0,0
EPI_ISL_942456,B.1,0,0
n235,B.1,0,0
EPI_ISL_635936,B.1,0,0
n236,B.1,0,0
n237,B.1,0,0
n238,B.1,0,0
n239,B.1,0,0
n240,B.1,0,0
n241,B.1,0,0
n242,B.1,0,0
EPI_ISL_746225,B.1,0,0
EPI_ISL_753415,B.1,0,0
n243,B.1,0,0
n244,B.1,0,0
EPI_ISL_1088129,B.1,0,0
EPI_ISL_1161310,B.1,0,0
EPI_ISL_943848,B.1,0,0
EPI_ISL_628938,B.1,0,0
n245,B.1,0,0
n246,B.1,0,0
EPI_ISL_765834,B.1,0,0
n247,B.1,0,0
EPI_ISL_672427,B.1,0,0
EPI_ISL_1068050,B.1,0,0
n248,B.1,0,0
EPI_ISL_931546,B.1,0,0
EPI_ISL_1049251,B.1,0,0
EPI_ISL_1036667,B.1,0,0
EPI_ISL_845659,B.1,0,0
n249,B.1,0,0
n250,B.1,0,0
EPI_ISL_1136279,B.1,0,0
n251,B.1,0,0
EPI_ISL_903716,B.1,0,0
EPI_ISL_888217,B.1,0,0
n252,B.1,0,0
EPI_ISL_787049,B.1,0,0
EPI_ISL_831923,B.1,0,0
n253,B.1,0,0
n254,B.1,0,0
n255,B.1,0,0
n256,B.1,0,0
n257,B.1,0,0
EPI_ISL_753592,B.1,0,0
EPI_ISL_824556,B.1,0,0
n258,B.1,0,0
EPI_ISL_878682,B.1,0,0
EPI_ISL_636036,B.1,0,0
n259,B.1,0,0
EPI_ISL_832794,B.1,0,0
EPI_ISL_636067,B.1,0,0
n260,B.1,0,0
EPI_ISL_746128,B.1,0,0
n261,B.1,0,0
EPI_ISL_861013,B.1,0,0
n262,B.1,0,0
n263,B.1,0,0
n264,B.1,0,0
EPI_ISL_1027369,B.1,0,0
EPI_ISL_1089308,B.1,0,0
EPI_ISL_667059,B.1,0,0
n265,B.1,0,0
EPI_ISL_1029082,B.1,0,0
EPI_ISL_1159651,B.1,0,0
EPI_ISL_1094665,B.1,0,0
EPI_ISL_930680,B.1,0,0
n266,B.1,0,0
EPI_ISL_1017131,B.1,0,0
n267,B.1,0,0
EPI_ISL_710233,B.1,0,0
n268,B.1,0,0
n269,B.1,0,0
n270,B.1,0,0
EPI_ISL_1090571,B.1,0,0
EPI_ISL_1031872,B.1,0,0
n271,B.1,0,0
EPI_ISL_784912,B.1,0,0
EPI_ISL_784988,B.1,0,0
n272,B.1,0,0
EPI_ISL_888327,B.1,0,0
EPI_ISL_967238,B.1,0,0
EPI_ISL_940809,B.1,0,0
n273,B.1.234,0,0
n274,B.1.234,0,0
n275,B.1.234,0,0
EPI_ISL_666796,B.1.234,0,0
n276,B.1.234,0,0
n277,B.1.234,0,0
EPI_ISL_1095075,B.1.234,0,0
n278,B.1.234,0,0
n279,B.1.234,0,0
EPI_ISL_982425,B.1.234,0,0
EPI_ISL_1090918,B.1.234,0,0
n280,B.1.234,0,0
EPI_ISL_830611,B.1.234,0,0
EPI_ISL_936090,B.1.234,0,0
EPI_ISL_1021753,B.1.234,0,0
n281,B.1.234,0,0
EPI_ISL_1163450,B.1.234,0,0
EPI_ISL_629057,B.1.234,0,0
n282,B.1.234,0,0
n283,B.1.234,0,0
n284,B.1.234,0,0
n285,B.1.234,0,0
n286,B.1.234,0,0
n287,B.1.234,0,0
EPI_ISL_1080304,B.1,0,0
n288,B.1.234,0,0
n289,B.1.234,0,0
n290,B.1.234,0,0
EPI_ISL_787594,B.1.234,0,0
n291,B.1.234,0,0
EPI_ISL_1075577,B.1.234,0,0
EPI_ISL_1076962,B.1.234,0,0
n292,B.1.234,0,0
EPI_ISL_1039555,B.1.234,0,0
n293,B.1.234,0,0
EPI_ISL_755429,B.1.234,0,0
EPI_ISL_784944,B.1.234,0,0
EPI_ISL_903949,B.1.234,0,0
EPI_ISL_1087094,B.1.234,0,0
n294,B.1.234,0,0
EPI_ISL_596422,B.1.234,0,0
n295,B.1.234,0,0
n296,B.1.234,0,0
EPI_ISL_889585,B.1.234,0,0
EPI_ISL_753432,B.1.234,0,0
EPI_ISL_682104,B.1.234,0,0
n297,B.1.234,0,0
n298,B.1.234,0,0
EPI_ISL_728125,B.1.234,0,0
n299,B.1.234,0,0
n300,B.1.234,0,0
n301,B.1.234,0,0
EPI_ISL_1133218,B.1.234,0,0
n302,B.1.234,0,0
n303,B.1.234,0,0
n304,B.1.234,0,0
EPI_ISL_1088395,B.1.234,0,0
n305,B.1.234,0,0
EPI_ISL_1032284,B.1.234,0,0
EPI_ISL_1079664,B.1.234,0,0
n306,B.1.234,0,0
EPI_ISL_967412,B.1.234,0,0
EPI_ISL_903737,B.1.234,0,0
n307,B.1.234,0,0
EPI_ISL_1079596,B.1.234,0,0
EPI_ISL_1075197,B.1.234,0,0
n308,B.1.234,0,0
n309,B.1.234,0,0
EPI_ISL_883093,B.1.234,0,0
EPI_ISL_1094883,B.1.234,0,0
n310,B.1.234,0,0
n311,B.1.234,0,0
EPI_ISL_785853,B.1.234,0,0
EPI_ISL_857130,B.1.234,0,0
EPI_ISL_877392,B.1.234,0,0
n312,B.1.234,0,0
n313,B.1.234,0,0
n314,B.1.234,0,0
n315,B.1.234,0,0
EPI_ISL_785138,B.1.234,0,0
n316,B.1.234,0,0
EPI_ISL_1077055,B.1.234,0,0
EPI_ISL_883235,B.1.234,0,0
EPI_ISL_883079,B.1.234,0,0
n317,B.1.234,0,0
n318,B.1.234,0,0
EPI_ISL_766920,B.1.234,0,0
n319,B.1.234,0,0
EPI_ISL_1087154,B.1.234,0,0
EPI_ISL_1087733,B.1.234,0,0
n320,B.1.234,0,0
EPI_ISL_1040116,B.1.234,0,0
EPI_ISL_768479,B.1.234,0,0
n321,B.1.234,0,0
EPI_ISL_1132973,B.1.234,0,0
n322,B.1.234,0,0
n323,B.1.234,0,0
EPI_ISL_1088936,B.1.234,0,0
n324,B.1.234,0,0
EPI_ISL_983800,B.1.234,0,0
EPI_ISL_983799,B.1.234,0,0
n325,B.1.234,0,0
EPI_ISL_883258,B.1.234,0,0
EPI_ISL_888119,B.1.234,0,0
n326,B.1.234,0,0
EPI_ISL_871858,B.1.234,0,0
EPI_ISL_802992,B.1.234,0,0
n327,B.1.234,0,0
n328,B.1.234,0,0
n329,B.1.234,0,0
n330,B.1.234,0,0
EPI_ISL_1075639,B.1.234,0,0
n331,B.1.234,0,0
EPI_ISL_1076985,B.1.234,0,0
n332,B.1.234,0,0
EPI_ISL_788908,B.1,0,0
EPI_ISL_759751,B.1.234,0,0
n333,B.1.234,0,0
n334,B.1.234,0,0
EPI_ISL_955814,B.1.234,0,0
EPI_ISL_1095083,B.1.234,0,0
EPI_ISL_785727,B.1,0,0
EPI_ISL_768470,B.1.234,0,0
EPI_ISL_931559,B.1.234,0,0
n335,B.1.234,0,0
EPI_ISL_787923,B.1.234,0,0
n336,B.1.234,0,0
n337,B.1.234,0,0
EPI_ISL_1039579,B.1.234,0,0
n338,B.1.234,0,0
EPI_ISL_790126,B.1.234,0,0
EPI_ISL_783960,B.1.234,0,0
n339,B.1.234,0,0
EPI_ISL_1077146,B.1.234,0,0
n340,B.1.234,0,0
n341,B.1.234,0,0
n342,B.1.234,0,0
n343,B.1.234,0,0
EPI_ISL_955884,B.1.234,0,0
n344,B.1.234,0,0
EPI_ISL_1014895,B.1.234,0,0
EPI_ISL_1059139,B.1.234,0,0
EPI_ISL_1059156,B.1.234,0,0
EPI_ISL_1059167,B.1.234,0,0
n345,B.1.234,0,0
EPI_ISL_1059002,B.1.234,0,0
EPI_ISL_955930,B.1.234,0,0
n346,B.1.234,0,0
EPI_ISL_824975,B.1.234,0,0
EPI_ISL_1077150,B.1.234,0,0
n347,B.1.234,0,0
EPI_ISL_967363,B.1.234,0,0
EPI_ISL_1090646,B.1.234,0,0
n348,B.1,0,0
n349,B.1,0,0
n350,B.1,0,0
EPI_ISL_1074858,B.1,0,0
n351,B.1,0,0
n352,B.1,0,0
EPI_ISL_1161353,B.1,0,0
n353,B.1,0,0
n354,B.1,0,0
EPI_ISL_880014,B.1,0,0
n355,B.1,0,0
n356,B.1,0,0
n357,B.1,0,0
n358,B.1,0,0
EPI_ISL_776720,B.1,0,0
EPI_ISL_1171362,B.1,0,0
EPI_ISL_962799,B.1,0,0
n359,B.1,0,0
EPI_ISL_730300,B.1,0,0
n360,B.1,0,0
EPI_ISL_1081513,B.1,0,0
EPI_ISL_738958,B.1,0,0
n361,B.1,0,0
EPI_ISL_1087530,B.1,0,0
n362,B.1,0,0
n363,B.1,0,0
n364,B.1,0,0
EPI_ISL_1097865,B.1,0,0
EPI_ISL_1097910,B.1,0,0
n365,B.1,0,0
n366,B.1,0,0
EPI_ISL_1134198,B.1,0,0
EPI_ISL_1081673,B.1,0,0
EPI_ISL_849793,B.1,0,0
EPI_ISL_1134148,B.1,0,0
n367,B.1,0,0
EPI_ISL_812419,B.1,0,0
EPI_ISL_667371,B.1,0,0
n368,B.1,0,0
n369,B.1,0,0
EPI_ISL_913842,B.1,0,0
EPI_ISL_936395,B.1,0,0
EPI_ISL_1136752,B.1,0,0
n370,B.1,0,0
EPI_ISL_1088965,B.1,0,0
n371,B.1,0,0
n372,B.1,0,0
n373,B.1,0,0
EPI_ISL_1029225,B.1,0,0
EPI_ISL_978559,B.1,0,0
n374,B.1,0,0
n375,B.1,0,0
EPI_ISL_629061,B.1,0,0
EPI_ISL_648293,B.1,0,0
n376,B.1,0,0
EPI_ISL_1029577,B.1,0,0
EPI_ISL_1076731,B.1,0,0
n377,B.1,0,0
n378,B.1,0,0
EPI_ISL_832554,B.1,0,0
EPI_ISL_783734,B.1,0,0
EPI_ISL_753689,B.1,0,0
EPI_ISL_583404,B.1,0,0
n379,B.1,0,0
EPI_ISL_1015821,B.1,0,0
n380,B.1,0,0
n381,B.1,0,0
n382,B.1,0,0
n383,B.1,0,0
EPI_ISL_1163789,B.1,0,0
EPI_ISL_966662,B.1,0,0
n384,B.1,0,0
n385,B.1,0,0
n386,B.1,0,0
n387,B.1,0,0
n388,B.1,0,0
n389,B.1,0,0
n390,B.1,0,0
n391,B.1,0,0
EPI_ISL_977069,B.1,0,0
EPI_ISL_876825,B.1,0,0
n392,B.1,0,0
n393,B.1,0,0
EPI_ISL_1122218,B.1,0,0
EPI_ISL_1048721,B.1,0,0
EPI_ISL_765786,B.1,0,0
n394,B.1,0,0
n395,B.1,0,0
n396,B.1,0,0
n397,B.1,0,0
EPI_ISL_804594,B.1,0,0
EPI_ISL_1121967,B.1,0,0
EPI_ISL_941932,B.1,0,0
n398,B.1,0,0
EPI_ISL_941930,B.1,0,0
EPI_ISL_1118915,B.1,0,0
EPI_ISL_1098044,B.1,0,0
n399,B.1,0,0
n400,B.1,0,0
n401,B.1,0,0
EPI_ISL_1077493,B.1.2,0,0
EPI_ISL_1121052,B.1,0,0
EPI_ISL_648295,B.1,0,0
n402,B.1,0,0
n403,B.1,0,0
n404,B.1,0,0
n405,B.1,0,0
EPI_ISL_784460,B.1,0,0
n406,B.1,0,0
n407,B.1,0,0
EPI_ISL_786474,B.1,0,0
n408,B.1,0,0
EPI_ISL_937064,B.1,0,0
EPI_ISL_613538,B.1,0,0
n409,B.1,0,0
n410,B.1,0,0
n411,B.1,0,0
n412,B.1,0,0
EPI_ISL_786344,B.1,0,0
n413,B.1,0,0
n414,B.1,0,0
n415,B.1,0,0
n416,B.1,0,0
EPI_ISL_955010,B.1,0,0
n417,B.1,0,0
n418,B.1,0,0
EPI_ISL_967358,B.1,0,0
EPI_ISL_1058846,B.1,0,0
n419,B.1,0,0
EPI_ISL_1029260,B.1,0,0
EPI_ISL_784040,B.1,0,0
EPI_ISL_1029844,B.1,0,0
EPI_ISL_786616,B.1,0,0
n420,B.1,0,0
EPI_ISL_845827,B.1,0,0
EPI_ISL_1121514,B.1,0,0
n421,B.1,0,0
EPI_ISL_786717,B.1,0,0
EPI_ISL_787556,B.1,0,0
n422,B.1,0,0
n423,B.1,0,0
EPI_ISL_885131,B.1,0,0
EPI_ISL_936458,B.1,0,0
n424,B.1,0,0
EPI_ISL_983903,B.1,0,0
EPI_ISL_826408,B.1,0,0
n425,B.1,0,0
EPI_ISL_1031960,B.1,0,0
EPI_ISL_1122060,B.1,0,0
n426,B.1,0,0
EPI_ISL_751595,B.1,0,0
n427,B.1,0,0
EPI_ISL_614205,B.1,0,0
n428,B.1,0,0
n429,B.1,0,0
n430,B.1,0,0
EPI_ISL_682129,B.1,0,0
EPI_ISL_832416,B.1,0,0
n431,B.1,0,0
EPI_ISL_878693,B.1,0,0
EPI_ISL_830719,B.1,0,0
n432,B.1,0,0
n433,B.1,0,0
EPI_ISL_1136832,B.1,0,0
EPI_ISL_873154,B.1,0,0
EPI_ISL_590727,B.1,0,0
n434,B.1,0,0
n435,B.1,0,0
n436,B.1,0,0
EPI_ISL_1079602,B.1.2,0,0
EPI_ISL_787853,B.1,0,0
EPI_ISL_787683,B.1,0,0
n437,B.1,0,0
n438,B.1.2,0,0
n439,B.1.2,0,0
n440,B.1.2,0,0
n441,B.1.2,0,0
n442,B.1.2,0,0
n443,B.1.2,0,0
n444,B.1.2,0,0
n445,B.1.2,0,0
EPI_ISL_747125,B.1.2,0,0
EPI_ISL_1094645,B.1.2,0,0
n446,B.1.2,0,0
EPI_ISL_1077400,B.1.2,0,0
EPI_ISL_889447,B.1.2,0,0
n447,B.1.2,0,0
EPI_ISL_1038346,B.1.2,0,0
n448,B.1.2,0,0
EPI_ISL_965813,B.1.2,0,0
n449,B.1.2,0,0
EPI_ISL_1077251,B.1.2,0,0
EPI_ISL_1029390,B.1.2,0,0
n450,B.1.2,0,0
n451,B.1.2,0,0
EPI_ISL_880061,B.1.2,0,0
EPI_ISL_768345,B.1.2,0,0
n452,B.1.2,0,0
EPI_ISL_1036903,B.1.2,0,0
n453,B.1.2,0,0
n454,B.1.2,0,0
EPI_ISL_962268,B.1.2,0,0
n455,B.1.2,0,0
n456,B.1.2,0,0
EPI_ISL_889777,B.1.2,0,0
EPI_ISL_889782,B.1.2,0,0
EPI_ISL_1079304,B.1.2,0,0
n457,B.1.2,0,0
n458,B.1.2,0,0
EPI_ISL_1038799,B.1.2,0,0
EPI_ISL_1163015,B.1.2,0,0
n459,B.1.2,0,0
EPI_ISL_747208,B.1.2,0,0
EPI_ISL_1040010,B.1.2,0,0
n460,B.1.2,0,0
EPI_ISL_1077560,B.1.2,0,0
EPI_ISL_1078175,B.1.2,0,0
n461,B.1.2,0,0
n462,B.1.2,0,0
n463,B.1.2,0,0
EPI_ISL_786587,B.1.2,0,0
EPI_ISL_925830,B.1.2,0,0
EPI_ISL_1081190,B.1.2,0,0
EPI_ISL_812386,B.1.2,0,0
n464,B.1.2,0,0
n465,B.1.2,0,0
n466,B.1.2,0,0
n467,B.1.2,0,0
EPI_ISL_785058,B.1.2,0,0
EPI_ISL_683966,B.1.2,0,0
EPI_ISL_1113920,B.1.2,0,0
EPI_ISL_1075986,B.1.2,0,0
n468,B.1.2,0,0
n469,B.1,0,0
n470,B.1,0,0
EPI_ISL_1080179,B.1,0,0
EPI_ISL_1077134,B.1.2,0,0
EPI_ISL_1041784,B.1,0,0
n471,B.1.2,0,0
n472,B.1.2,0,0
EPI_ISL_1080870,B.1.2,0,0
EPI_ISL_1077640,B.1.2,0,0
n473,B.1.2,0,0
n474,B.1.2,0,0
n475,B.1.2,0,0
n476,B.1.2,0,0
n477,B.1.2,0,0
n478,B.1.2,0,0
EPI_ISL_1076971,B.1.2,0,0
n479,B.1.2,0,0
n480,B.1.2,0,0
EPI_ISL_1079063,B.1.2,0,0
n481,B.1.2,0,0
EPI_ISL_783959,B.1.2,0,0
EPI_ISL_1077925,B.1.2,0,0
EPI_ISL_785975,B.1.2,0,0
n482,B.1.2,0,0
EPI_ISL_1078661,B.1.2,0,0
n483,B.1.2,0,0
n484,B.1.2,0,0
EPI_ISL_1075031,B.1.2,0,0
EPI_ISL_1078555,B.1.2,0,0
n485,B.1.2,0,0
n486,B.1.2,0,0
EPI_ISL_786959,B.1.2,0,0
n487,B.1.2,0,0
EPI_ISL_1079782,B.1.2,0,0
n488,B.1.2,0,0
EPI_ISL_1058935,B.1.2,0,0
EPI_ISL_1158222,B.1.2,0,0
EPI_ISL_790291,B.1.2,0,0
n489,B.1.2,0,0
n490,B.1.2,0,0
n491,B.1.2,0,0
n492,B.1.2,0,0
n493,B.1.2,0,0
n494,B.1.2,0,0
EPI_ISL_1078541,B.1.2,0,0
n495,B.1.2,0,0
EPI_ISL_1094247,B.1.2,0,0
n496,B.1.2,0,0
n497,B.1.2,0,0
n498,B.1.2,0,0
n499,B.1.2,0,0
n500,B.1.2,0,0
EPI_ISL_1139557,B.1.2,0,0
n501,B.1.2,0,0
n502,B.1.2,0,0
n503,B.1.2,0,0
EPI_ISL_1161369,B.1.2,0,0
EPI_ISL_876316,B.1.2,0,0
EPI_ISL_830714,B.1.2,0,0
n504,B.1.2,0,0
EPI_ISL_935471,B.1.2,0,0
EPI_ISL_1036871,B.1.2,0,0
n505,B.1.2,0,0
EPI_ISL_876463,B.1.2,0,0
EPI_ISL_831766,B.1.2,0,0
n506,B.1.2,0,0
n507,B.1.2,0,0
EPI_ISL_982691,B.1.2,0,0
EPI_ISL_955716,B.1.2,0,0
EPI_ISL_790016,B.1.2,0,0
EPI_ISL_785110,B.1.2,0,0
n508,B.1.2,0,0
EPI_ISL_785010,B.1.2,0,0
n509,B.1.2,0,0
EPI_ISL_787692,B.1.243,0,0
EPI_ISL_1077723,B.1.2,0,0
n510,B.1.2,0,0
n511,B.1.2,0,0
n512,B.1.2,0,0
n513,B.1.2,0,0
n514,B.1.2,0,0
n515,B.1.2,0,0
EPI_ISL_787850,B.1.2,0,0
EPI_ISL_984569,B.1.2,0,0
n516,B.1.2,0,0
n517,B.1.2,0,0
n518,B.1.2,0,0
n519,B.1.2,0,0
n520,B.1.2,0,0
n521,B.1.2,0,0
n522,B.1.2,0,0
EPI_ISL_661017,B.1.2,0,0
EPI_ISL_942430,B.1.2,0,0
n523,B.1.2,0,0
n524,B.1.2,0,0
n525,B.1.2,0,0
EPI_ISL_883636,B.1.2,0,0
n526,B.1.2,0,0
EPI_ISL_883705,B.1.2,0,0
EPI_ISL_883715,B.1.2,0,0
EPI_ISL_1076667,B.1.2,0,0
EPI_ISL_883718,B.1.2,0,0
n527,B.1.2,0,0
n528,B.1.2,0,0
n529,B.1.2,0,0
n530,B.1.2,0,0
n531,B.1.2,0,0
n532,B.1.2,0,0
n533,B.1.2,0,0
n534,B.1.2,0,0
EPI_ISL_915346,B.1.2,0,0
EPI_ISL_888482,B.1.2,0,0
EPI_ISL_1021786,B.1.2,0,0
n535,B.1.2,0,0
n536,B.1.2,0,0
EPI_ISL_903098,B.1.2,0,0
EPI_ISL_885074,B.1.2,0,0
EPI_ISL_783871,B.1.2,0,0
n537,B.1.2,0,0
n538,B.1.2,0,0
EPI_ISL_1031857,B.1.2,0,0
EPI_ISL_937068,B.1.2,0,0
EPI_ISL_707861,B.1.2,0,0
n539,B.1.2,0,0
n540,B.1.2,0,0
n541,B.1.2,0,0
n542,B.1.2,0,0
n543,B.1.2,0,0
n544,B.1.2,0,0
n545,B.1.2,0,0
EPI_ISL_1078374,B.1.2,0,0
n546,B.1.2,0,0
n547,B.1.2,0,0
n548,B.1.2,0,0
n549,B.1.2,0,0
EPI_ISL_1075023,B.1.2,0,0
EPI_ISL_730164,B.1.2,0,0
n550,B.1.2,0,0
n551,B.1.2,0,0
EPI_ISL_751753,B.1.2,0,0
EPI_ISL_739318,B.1.2,0,0
n552,B.1.2,0,0
n553,B.1.2,0,0
EPI_ISL_707820,B.1.2,0,0
EPI_ISL_936791,B.1.2,0,0
EPI_ISL_1049972,B.1.2,0,0
n554,B.1.2,0,0
EPI_ISL_849610,B.1.2,0,0
n555,B.1.2,0,0
n556,B.1.2,0,0
EPI_ISL_677410,B.1.2,0,0
EPI_ISL_1067952,B.1.2,0,0
EPI_ISL_831488,B.1.2,0,0
n557,B.1.2,0,0
EPI_ISL_1009598,B.1.2,0,0
EPI_ISL_1009474,B.1.2,0,0
EPI_ISL_984067,B.1.2,0,0
EPI_ISL_1029705,B.1.2,0,0
n558,B.1.2,0,0
EPI_ISL_738908,B.1.2,0,0
EPI_ISL_1121688,B.1.2,0,0
n559,B.1.2,0,0
n560,B.1.2,0,0
EPI_ISL_1094625,B.1.2,0,0
EPI_ISL_1075492,B.1.2,0,0
n561,B.1.2,0,0
n562,B.1.2,0,0
EPI_ISL_1020529,B.1.2,0,0
EPI_ISL_1029952,B.1.2,0,0
n563,B.1.2,0,0
EPI_ISL_1094857,B.1.2,0,0
EPI_ISL_982457,B.1.2,0,0
n564,B.1.2,0,0
n565,B.1.2,0,0
n566,B.1.2,0,0
EPI_ISL_903295,B.1.2,0,0
n567,B.1.2,0,0
EPI_ISL_982768,B.1.2,0,0
EPI_ISL_1114423,B.1.2,0,0
n568,B.1.2,0,0
n569,B.1.2,0,0
EPI_ISL_751555,B.1.2,0,0
EPI_ISL_1121072,B.1.2,0,0
EPI_ISL_1086664,B.1.2,0,0
n570,B.1.2,0,0
EPI_ISL_861096,B.1.2,0,0
EPI_ISL_1087938,B.1.2,0,0
EPI_ISL_877303,B.1.2,0,0
EPI_ISL_708366,B.1.2,0,0
n571,B.1.2,0,0
n572,B.1.2,0,0
n573,B.1.2,0,0
EPI_ISL_1075660,B.1.2,0,0
EPI_ISL_1086794,B.1.2,0,0
EPI_ISL_1077700,B.1.2,0,0
EPI_ISL_903532,B.1.2,0,0
n574,B.1.2,0,0
n575,B.1.2,0,0
n576,B.1.2,0,0
n577,B.1.2,0,0
EPI_ISL_803689,B.1.2,0,0
n578,B.1.2,0,0
n579,B.1.2,0,0
EPI_ISL_965198,B.1.2,0,0
EPI_ISL_888330,B.1.2,0,0
n580,B.1.2,0,0
n581,B.1.2,0,0
n582,B.1.2,0,0
n583,B.1.2,0,0
EPI_ISL_784082,B.1.2,0,0
n584,B.1.2,0,0
n585,B.1.2,0,0
EPI_ISL_1088185,B.1.2,0,0
EPI_ISL_856914,B.1.2,0,0
EPI_ISL_1089377,B.1.2,0,0
n586,B.1.2,0,0
n587,B.1.2,0,0
EPI_ISL_1086545,B.1.2,0,0
EPI_ISL_1058958,B.1.2,0,0
EPI_ISL_886487,B.1.2,0,0
EPI_ISL_1038330,B.1.2,0,0
n588,B.1.2,0,0
EPI_ISL_1134210,B.1.2,0,0
EPI_ISL_1029340,B.1.2,0,0
n589,B.1.2,0,0
n590,B.1.2,0,0
n591,B.1.2,0,0
EPI_ISL_738962,B.1.2,0,0
EPI_ISL_850016,B.1.2,0,0
EPI_ISL_1136872,B.1.2,0,0
EPI_ISL_708286,B.1.2,0,0
EPI_ISL_1017474,B.1.2,0,0
EPI_ISL_888665,B.1.2,0,0
n592,B.1.2,0,0
n593,B.1.2,0,0
EPI_ISL_1139772,B.1.2,0,0
n594,B.1.2,0,0
n595,B.1.2,0,0
n596,B.1.2,0,0
n597,B.1.2,0,0
n598,B.1.2,0,0
n599,B.1.2,0,0
EPI_ISL_677469,B.1.2,0,0
n600,B.1.2,0,0
n601,B.1.2,0,0
n602,B.1.2,0,0
EPI_ISL_683748,B.1.2,0,0
EPI_ISL_683749,B.1.2,0,0
EPI_ISL_1029098,B.1.2,0,0
n603,B.1.2,0,0
EPI_ISL_1161251,B.1.2,0,0
EPI_ISL_942295,B.1.2,0,0
EPI_ISL_803710,B.1.2,0,0
n604,B.1.2,0,0
n605,B.1.2,0,0
EPI_ISL_1114084,B.1.2,0,0
EPI_ISL_1139254,B.1.2,0,0
n606,B.1.2,0,0
n607,B.1.2,0,0
n608,B.1.2,0,0
n609,B.1.2,0,0
n610,B.1.2,0,0
n611,B.1.2,0,0
n612,B.1.2,0,0
n613,B.1.2,0,0
EPI_ISL_832978,B.1.2,0,0
EPI_ISL_832997,B.1.2,0,0
EPI_ISL_1048644,B.1.2,0,0
EPI_ISL_937398,B.1.2,0,0
n614,B.1.2,0,0
EPI_ISL_966767,B.1.2,0,0
EPI_ISL_832966,B.1.2,0,0
EPI_ISL_906204,B.1.2,0,0
EPI_ISL_873256,B.1.2,0,0
n615,B.1.2,0,0
n616,B.1.2,0,0
n617,B.1.2,0,0
EPI_ISL_677391,B.1.2,0,0
EPI_ISL_1031893,B.1.2,0,0
EPI_ISL_660862,B.1.2,0,0
n618,B.1.2,0,0
n619,B.1.2,0,0
EPI_ISL_873091,B.1.2,0,0
n620,B.1.2,0,0
n621,B.1.2,0,0
n622,B.1.2,0,0
n623,B.1.2,0,0
n624,B.1.2,0,0
n625,B.1.2,0,0
EPI_ISL_754827,B.1.2,0,0
n626,B.1.2,0,0
n627,B.1.2,0,0
EPI_ISL_734331,B.1.2,0,0
EPI_ISL_1090615,B.1.2,0,0
n628,B.1.2,0,0
EPI_ISL_754714,B.1.2,0,0
n629,B.1.2,0,0
EPI_ISL_767435,B.1.2,0,0
n630,B.1.2,0,0
n631,B.1.2,0,0
n632,B.1.2,0,0
EPI_ISL_754698,B.1.2,0,0
EPI_ISL_1114133,B.1.2,0,0
n633,B.1.2,0,0
EPI_ISL_754696,B.1.2,0,0
EPI_ISL_734364,B.1.2,0,0
EPI_ISL_755390,B.1.2,0,0
n634,B.1.2,0,0
n635,B.1.2,0,0
EPI_ISL_734385,B.1.2,0,0
n636,B.1.2,0,0
EPI_ISL_1169965,B.1.2,0,0
EPI_ISL_1094747,B.1.2,0,0
n637,B.1.2,0,0
EPI_ISL_794047,B.1.2,0,0
EPI_ISL_754729,B.1.2,0,0
EPI_ISL_1086515,B.1.2,0,0
n638,B.1.2,0,0
EPI_ISL_824919,B.1.2,0,0
EPI_ISL_942716,B.1.2,0,0
n639,B.1.2,0,0
EPI_ISL_803456,B.1.2,0,0
n640,B.1.2,0,0
EPI_ISL_887546,B.1.2,0,0
EPI_ISL_677549,B.1.2,0,0
n641,B.1.2,0,0
EPI_ISL_794058,B.1.2,0,0
EPI_ISL_803561,B.1.2,0,0
n642,B.1.2,0,0
n643,B.1.2,0,0
n644,B.1.2,0,0
n645,B.1.2,0,0
n646,B.1.2,0,0
EPI_ISL_861079,B.1.2,0,0
EPI_ISL_1029675,B.1.2,0,0
EPI_ISL_1159588,B.1.2,0,0
EPI_ISL_984031,B.1.2,0,0
EPI_ISL_1067849,B.1.2,0,0
n647,B.1.2,0,0
n648,B.1.2,0,0
n649,B.1.2,0,0
n650,B.1.2,0,0
EPI_ISL_962119,B.1.2,0,0
n651,B.1.2,0,0
EPI_ISL_942121,B.1.2,0,0
n652,B.1.2,0,0
EPI_ISL_872877,B.1.2,0,0
n653,B.1.2,0,0
n654,B.1.2,0,0
n655,B.1.2,0,0
EPI_ISL_1081318,B.1.2,0,0
EPI_ISL_984132,B.1.2,0,0
EPI_ISL_1059235,B.1.2,0,0
EPI_ISL_1087238,B.1.2,0,0
n656,B.1.2,0,0
EPI_ISL_872836,B.1.2,0,0
n657,B.1.2,0,0
n658,B.1.2,0,0
n659,B.1.2,0,0
EPI_ISL_1029840,B.1.2,0,0
EPI_ISL_984227,B.1.2,0,0
EPI_ISL_1040904,B.1.2,0,0
n660,B.1.2,0,0
EPI_ISL_1136524,B.1.2,0,0
EPI_ISL_1090392,B.1.2,0,0
n661,B.1.2,0,0
EPI_ISL_913585,B.1.2,0,0
EPI_ISL_942067,B.1.2,0,0
EPI_ISL_1094862,B.1.2,0,0
n662,B.1.2,0,0
EPI_ISL_1074410,B.1.2,0,0
n663,B.1.2,0,0
n664,B.1.2,0,0
n665,B.1.2,0,0
n666,B.1.2,0,0
n667,B.1.2,0,0
EPI_ISL_937050,B.1.2,0,0
n668,B.1.2,0,0
EPI_ISL_682220,B.1.2,0,0
n669,B.1.2,0,0
n670,B.1.2,0,0
n671,B.1.2,0,0
EPI_ISL_831553,B.1.2,0,0
EPI_ISL_1029624,B.1.2,0,0
EPI_ISL_605431,B.1.2,0,0
EPI_ISL_967589,B.1.2,0,0
EPI_ISL_803834,B.1.2,0,0
n672,B.1.2,0,0
n673,B.1.2,0,0
n674,B.1.2,0,0
n675,B.1.2,0,0
EPI_ISL_1036498,B.1.2,0,0
EPI_ISL_888209,B.1.2,0,0
EPI_ISL_1067910,B.1.2,0,0
n676,B.1.2,0,0
EPI_ISL_1086421,B.1.2,0,0
EPI_ISL_1038659,B.1.2,0,0
n677,B.1.2,0,0
n678,B.1.2,0,0
n679,B.1.2,0,0
EPI_ISL_984102,B.1.2,0,0
EPI_ISL_1136665,B.1.2,0,0
EPI_ISL_872871,B.1.2,0,0
n680,B.1.2,0,0
EPI_ISL_896538,B.1.2,0,0
EPI_ISL_1087130,B.1.2,0,0
EPI_ISL_1134554,B.1.2,0,0
n681,B.1.2,0,0
n682,B.1.2,0,0
n683,B.1.2,0,0
EPI_ISL_660940,B.1.2,0,0
n684,B.1.2,0,0
n685,B.1.2,0,0
n686,B.1.2,0,0
EPI_ISL_660950,B.1.2,0,0
n687,B.1.2,0,0
EPI_ISL_1076901,B.1.2,0,0
n688,B.1.2,0,0
EPI_ISL_942621,B.1.2,0,0
n689,B.1.2,0,0
EPI_ISL_942571,B.1.2,0,0
EPI_ISL_942539,B.1.2,0,0
n690,B.1.2,0,0
n691,B.1.2,0,0
n692,B.1.2,0,0
EPI_ISL_1088421,B.1.2,0,0
EPI_ISL_677402,B.1.2,0,0
EPI_ISL_605751,B.1.2,0,0
EPI_ISL_1067891,B.1.2,0,0
EPI_ISL_942749,B.1.2,0,0
n693,B.1.2,0,0
n694,B.1.2,0,0
EPI_ISL_784780,B.1.2,0,0
n695,B.1.2,0,0
EPI_ISL_784158,B.1.2,0,0
EPI_ISL_784450,B.1.2,0,0
EPI_ISL_784835,B.1.2,0,0
n696,B.1.2,0,0
n697,B.1.2,0,0
EPI_ISL_984000,B.1.2,0,0
n698,B.1.2,0,0
EPI_ISL_1088912,B.1.2,0,0
EPI_ISL_1017862,B.1.2,0,0
EPI_ISL_955035,B.1.2,0,0
EPI_ISL_905958,B.1.2,0,0
EPI_ISL_650096,B.1.2,0,0
EPI_ISL_843189,B.1.2,0,0
n699,B.1.2,0,0
n700,B.1.2,0,0
n701,B.1.2,0,0
n702,B.1.2,0,0
n703,B.1.2,0,0
EPI_ISL_747106,B.1.2,0,0
EPI_ISL_1087175,B.1.2,0,0
EPI_ISL_1086455,B.1.2,0,0
n704,B.1.2,0,0
n705,B.1.2,0,0
n706,B.1.2,0,0
n707,B.1.2,0,0
n708,B.1.2,0,0
EPI_ISL_803425,B.1.2,0,0
EPI_ISL_1136471,B.1.2,0,0
n709,B.1.2,0,0
EPI_ISL_1075904,B.1.2,0,0
n710,B.1.2,0,0
EPI_ISL_936640,B.1.2,0,0
n711,B.1.2,0,0
EPI_ISL_1067859,B.1.2,0,0
EPI_ISL_1114633,B.1.2,0,0
n712,B.1.2,0,0
EPI_ISL_942325,B.1.2,0,0
EPI_ISL_754626,B.1.2,0,0
n713,B.1.2,0,0
n714,B.1.2,0,0
n715,B.1.2,0,0
EPI_ISL_873261,B.1.2,0,0
EPI_ISL_605479,B.1.2,0,0
n716,B.1.2,0,0
n717,B.1.2,0,0
n718,B.1.2,0,0
n719,B.1.2,0,0
EPI_ISL_1134624,B.1.2,0,0
EPI_ISL_1031882,B.1.2,0,0
EPI_ISL_1077725,B.1.2,0,0
n720,B.1.2,0,0
EPI_ISL_1049985,B.1.2,0,0
EPI_ISL_1121066,B.1.2,0,0
EPI_ISL_941316,B.1.2,0,0
n721,B.1.2,0,0
EPI_ISL_936941,B.1.2,0,0
EPI_ISL_1074796,B.1.2,0,0
n722,B.1.2,0,0
n723,B.1.2,0,0
n724,B.1.2,0,0
n725,B.1.2,0,0
EPI_ISL_872853,B.1.2,0,0
n726,B.1.2,0,0
n727,B.1.2,0,0
n728,B.1.2,0,0
EPI_ISL_660837,B.1.2,0,0
n729,B.1.2,0,0
EPI_ISL_942875,B.1.2,0,0
EPI_ISL_942726,B.1.2,0,0
n730,B.1.2,0,0
EPI_ISL_1134041,B.1.2,0,0
EPI_ISL_1080177,B.1.2,0,0
EPI_ISL_886675,B.1.2,0,0
EPI_ISL_850045,B.1.2,0,0
EPI_ISL_677516,B.1.2,0,0
n731,B.1.2,0,0
n732,B.1.2,0,0
EPI_ISL_603001,B.1.2,0,0
EPI_ISL_603003,B.1.2,0,0
EPI_ISL_1067863,B.1.2,0,0
n733,B.1.2,0,0
EPI_ISL_1029177,B.1.2,0,0
n734,B.1.2,0,0
n735,B.1.2,0,0
n736,B.1.2,0,0
n737,B.1.2,0,0
EPI_ISL_1139348,B.1.2,0,0
n738,B.1.2,0,0
EPI_ISL_984791,B.1.2,0,0
EPI_ISL_861439,B.1.2,0,0
EPI_ISL_967149,B.1.2,0,0
n739,B.1.2,0,0
n740,B.1.2,0,0
EPI_ISL_1094447,B.1.2,0,0
EPI_ISL_754578,B.1.2,0,0
n741,B.1.2,0,0
EPI_ISL_1081244,B.1.2,0,0
n742,B.1.2,0,0
EPI_ISL_1134608,B.1.2,0,0
EPI_ISL_896567,B.1.2,0,0
EPI_ISL_888022,B.1.2,0,0
n743,B.1.2,0,0
n744,B.1.2,0,0
n745,B.1.2,0,0
EPI_ISL_754643,B.1.2,0,0
n746,B.1.2,0,0
EPI_ISL_942529,B.1.2,0,0
n747,B.1.2,0,0
EPI_ISL_942665,B.1.2,0,0
EPI_ISL_942671,B.1.2,0,0
n748,B.1.2,0,0
n749,B.1.2,0,0
n750,B.1.2,0,0
n751,B.1.2,0,0
EPI_ISL_1159337,B.1.2,0,0
n752,B.1.2,0,0
EPI_ISL_976969,B.1,0,0
EPI_ISL_767572,B.1.2,0,0
EPI_ISL_728486,B.1.2,0,0
n753,B.1.2,0,0
EPI_ISL_883663,B.1.2,0,0
EPI_ISL_677607,B.1.2,0,0
EPI_ISL_803350,B.1.2,0,0
EPI_ISL_660923,B.1.2,0,0
n754,B.1.2,0,0
n755,B.1.2,0,0
EPI_ISL_1029619,B.1.2,0,0
n756,B.1.2,0,0
EPI_ISL_605450,B.1.2,0,0
EPI_ISL_728037,B.1.2,0,0
EPI_ISL_942551,B.1.2,0,0
n757,B.1.2,0,0
n758,B.1.2,0,0
n759,B.1.2,0,0
n760,B.1.2,0,0
EPI_ISL_1113766,B.1.2,0,0
EPI_ISL_1113911,B.1.2,0,0
EPI_ISL_1078867,B.1.2,0,0
n761,B.1.2,0,0
EPI_ISL_1086614,B.1.2,0,0
n762,B.1.2,0,0
EPI_ISL_755519,B.1.2,0,0
EPI_ISL_935979,B.1.2,0,0
EPI_ISL_961115,B.1.2,0,0
n763,B.1.2,0,0
n764,B.1.2,0,0
n765,B.1.2,0,0
n766,B.1.2,0,0
n767,B.1.2,0,0
n768,B.1.2,0,0
EPI_ISL_1075969,B.1,0,0
EPI_ISL_1094091,B.1.2,0,0
n769,B.1.2,0,0
EPI_ISL_936169,B.1.2,0,0
EPI_ISL_889549,B.1.2,0,0
EPI_ISL_791475,B.1.2,0,0
n770,B.1.2,0,0
EPI_ISL_1161100,B.1.2,0,0
n771,B.1.2,0,0
EPI_ISL_931461,B.1.2,0,0
EPI_ISL_876205,B.1.2,0,0
EPI_ISL_1089267,B.1.2,0,0
n772,B.1.2,0,0
n773,B.1.2,0,0
n774,B.1.2,0,0
n775,B.1.2,0,0
n776,B.1.2,0,0
n777,B.1.2,0,0
EPI_ISL_1075737,B.1.2,0,0
n778,B.1.2,0,0
n779,B.1.2,0,0
EPI_ISL_1114566,B.1.2,0,0
n780,B.1.2,0,0
n781,B.1.2,0,0
EPI_ISL_1113978,B.1.2,0,0
EPI_ISL_1069379,B.1.2,0,0
n782,B.1.2,0,0
EPI_ISL_1090399,B.1.2,0,0
EPI_ISL_1089073,B.1.2,0,0
n783,B.1.2,0,0
EPI_ISL_728050,B.1.2,0,0
EPI_ISL_1077855,B.1.2,0,0
n784,B.1.2,0,0
n785,B.1.2,0,0
EPI_ISL_807117,B.1.2,0,0
n786,B.1.2,0,0
n787,B.1.2,0,0
EPI_ISL_832052,B.1.2,0,0
EPI_ISL_1121077,B.1.2,0,0
n788,B.1.2,0,0
n789,B.1.2,0,0
n790,B.1.2,0,0
n791,B.1.2,0,0
n792,B.1.2,0,0
EPI_ISL_1121636,B.1.2,0,0
EPI_ISL_779337,B.1.2,0,0
EPI_ISL_955020,B.1.2,0,0
EPI_ISL_1079947,B.1.2,0,0
EPI_ISL_1009260,B.1.2,0,0
n793,B.1.2,0,0
n794,B.1.2,0,0
EPI_ISL_832472,B.1.2,0,0
EPI_ISL_1074862,B.1.2,0,0
EPI_ISL_831760,B.1.2,0,0
EPI_ISL_1076565,B.1.2,0,0
n795,B.1.2,0,0
n796,B.1.2,0,0
n797,B.1.2,0,0
EPI_ISL_1064223,B.1.2,0,0
EPI_ISL_803345,B.1.2,0,0
n798,B.1.2,0,0
n799,B.1.2,0,0
EPI_ISL_1079849,B.1.2,0,0
EPI_ISL_1078870,B.1.2,0,0
EPI_ISL_890182,B.1.2,0,0
n800,B.1.2,0,0
EPI_ISL_1159283,B.1.2,0,0
EPI_ISL_1076308,B.1.2,0,0
n801,B.1.2,0,0
n802,B.1.2,0,0
n803,B.1.2,0,0
EPI_ISL_967168,B.1.2,0,0
EPI_ISL_1086633,B.1.2,0,0
EPI_ISL_925205,B.1.2,0,0
n804,B.1.2,0,0
n805,B.1.2,0,0
n806,B.1.2,0,0
n807,B.1.2,0,0
n808,B.1.2,0,0
n809,B.1.2,0,0
EPI_ISL_979493,B.1.2,0,0
EPI_ISL_883526,B.1.2,0,0
n810,B.1.2,0,0
EPI_ISL_1097662,B.1.2,0,0
n811,B.1.2,0,0
n812,B.1.2,0,0
n813,B.1.2,0,0
n814,B.1.2,0,0
n815,B.1.2,0,0
n816,B.1.2,0,0
n817,B.1.2,0,0
EPI_ISL_966748,B.1.2,0,0
n818,B.1.2,0,0
n819,B.1.2,0,0
n820,B.1.2,0,0
EPI_ISL_1029334,B.1.2,0,0
EPI_ISL_860950,B.1.2,0,0
n821,B.1.2,0,0
EPI_ISL_877542,B.1.2,0,0
EPI_ISL_1161196,B.1.2,0,0
EPI_ISL_884095,B.1.2,0,0
EPI_ISL_1092001,B.1.2,0,0
n822,B.1.2,0,0
EPI_ISL_884122,B.1.2,0,0
EPI_ISL_1038646,B.1.2,0,0
n823,B.1.2,0,0
EPI_ISL_980944,B.1.2,0,0
EPI_ISL_883709,B.1.2,0,0
n824,B.1.2,0,0
EPI_ISL_1114040,B.1.2,0,0
EPI_ISL_966703,B.1,0,0
n825,B.1.2,0,0
n826,B.1.2,0,0
EPI_ISL_884667,B.1.2,0,0
EPI_ISL_1078097,B.1.2,0,0
n827,B.1.2,0,0
EPI_ISL_1086969,B.1.2,0,0
EPI_ISL_1090413,B.1.2,0,0
n828,B.1.2,0,0
EPI_ISL_1097707,B.1.2,0,0
EPI_ISL_883076,B.1.2,0,0
EPI_ISL_979511,B.1.2,0,0
n829,B.1.2,0,0
n830,B.1.2,0,0
n831,B.1.2,0,0
EPI_ISL_883105,B.1.2,0,0
EPI_ISL_875934,B.1.2,0,0
EPI_ISL_877263,B.1.2,0,0
EPI_ISL_1076017,B.1.2,0,0
n832,B.1.2,0,0
EPI_ISL_1086255,B.1.2,0,0
n833,B.1.2,0,0
n834,B.1.2,0,0
n835,B.1.2,0,0
EPI_ISL_1077797,B.1.2,0,0
EPI_ISL_875922,B.1.2,0,0
EPI_ISL_884110,B.1.2,0,0
n836,B.1.2,0,0
n837,B.1.2,0,0
EPI_ISL_931466,B.1.2,0,0
EPI_ISL_1020752,B.1.2,0,0
EPI_ISL_1094682,B.1.2,0,0
n838,B.1.2,0,0
n839,B.1.2,0,0
n840,B.1.2,0,0
EPI_ISL_1016136,B.1.2,0,0
n841,B.1.2,0,0
n842,B.1.2,0,0
EPI_ISL_1021250,B.1.2,0,0
EPI_ISL_1089166,B.1.2,0,0
EPI_ISL_888504,B.1.2,0,0
EPI_ISL_1094121,B.1.2,0,0
n843,B.1.2,0,0
n844,B.1.2,0,0
n845,B.1.2,0,0
n846,B.1.2,0,0
n847,B.1.2,0,0
EPI_ISL_1016107,B.1.2,0,0
EPI_ISL_791425,B.1.2,0,0
EPI_ISL_983301,B.1.2,0,0
EPI_ISL_1009457,B.1.2,0,0
n848,B.1.2,0,0
n849,B.1.2,0,0
n850,B.1.2,0,0
n851,B.1.2,0,0
EPI_ISL_786146,B.1.2,0,0
EPI_ISL_1168698,B.1.2,0,0
n852,B.1.2,0,0
EPI_ISL_1079046,B.1.2,0,0
EPI_ISL_1076117,B.1.2,0,0
EPI_ISL_1064716,B.1.2,0,0
EPI_ISL_888569,B.1.2,0,0
n853,B.1.2,0,0
EPI_ISL_786635,B.1.2,0,0
n854,B.1.2,0,0
n855,B.1.2,0,0
EPI_ISL_1038539,B.1.2,0,0
EPI_ISL_1094716,B.1.2,0,0
EPI_ISL_1075463,B.1.2,0,0
n856,B.1.2,0,0
EPI_ISL_1030111,B.1.2,0,0
EPI_ISL_883723,B.1.2,0,0
n857,B.1.2,0,0
n858,B.1.2,0,0
n859,B.1.2,0,0
EPI_ISL_1090385,B.1.2,0,0
EPI_ISL_1139495,B.1.2,0,0
n860,B.1.2,0,0
n861,B.1.2,0,0
n862,B.1.2,0,0
n863,B.1.2,0,0
EPI_ISL_1095359,B.1.2,0,0
EPI_ISL_1095349,B.1.2,0,0
EPI_ISL_1029842,B.1.2,0,0
n864,B.1.2,0,0
n865,B.1.2,0,0
EPI_ISL_765864,B.1.2,0,0
EPI_ISL_1023605,B.1.2,0,0
EPI_ISL_644842,B.1.2,0,0
n866,B.1.2,0,0
n867,B.1.2,0,0
EPI_ISL_1059106,B.1.2,0,0
n868,B.1.2,0,0
EPI_ISL_955874,B.1.2,0,0
EPI_ISL_1059202,B.1.2,0,0
EPI_ISL_1059174,B.1.2,0,0
n869,B.1.2,0,0
n870,B.1.2,0,0
EPI_ISL_886588,B.1.2,0,0
EPI_ISL_979539,B.1.2,0,0
n871,B.1.2,0,0
EPI_ISL_786788,B.1.2,0,0
EPI_ISL_786764,B.1.2,0,0
n872,B.1.2,0,0
n873,B.1.2,0,0
n874,B.1.2,0,0
EPI_ISL_824697,B.1.2,0,0
n875,B.1.2,0,0
n876,B.1.2,0,0
n877,B.1.2,0,0
EPI_ISL_1118796,B.1.2,0,0
EPI_ISL_1121505,B.1.2,0,0
n878,B.1.2,0,0
EPI_ISL_913189,B.1.2,0,0
EPI_ISL_1159261,B.1.2,0,0
EPI_ISL_766776,B.1.2,0,0
EPI_ISL_1134185,B.1.2,0,0
n879,B.1.2,0,0
EPI_ISL_1134657,B.1.2,0,0
n880,B.1.2,0,0
n881,B.1.2,0,0
EPI_ISL_1049513,B.1.2,0,0
n882,B.1.2,0,0
n883,B.1.2,0,0
n884,B.1.2,0,0
n885,B.1.2,0,0
EPI_ISL_1009531,B.1.2,0,0
n886,B.1.2,0,0
n887,B.1.2,0,0
n888,B.1.2,0,0
EPI_ISL_886653,B.1.2,0,0
n889,B.1.2,0,0
n890,B.1.2,0,0
EPI_ISL_1091021,B.1.2,0,0
EPI_ISL_1110082,B.1.2,0,0
EPI_ISL_872879,B.1.2,0,0
EPI_ISL_1031938,B.1.2,0,0
EPI_ISL_1118789,B.1.2,0,0
EPI_ISL_605521,B.1.2,0,0
n891,B.1.2,0,0
EPI_ISL_967642,B.1.2,0,0
n892,B.1.2,0,0
EPI_ISL_1089152,B.1.2,0,0
n893,B.1.2,0,0
EPI_ISL_967491,B.1.2,0,0
EPI_ISL_1029406,B.1.2,0,0
EPI_ISL_977067,B.1.2,0,0
EPI_ISL_1122144,B.1.2,0,0
n894,B.1.2,0,0
n895,B.1.2,0,0
n896,B.1.2,0,0
EPI_ISL_1121769,B.1.2,0,0
n897,B.1.2,0,0
EPI_ISL_1021784,B.1.2,0,0
n898,B.1.2,0,0
EPI_ISL_1031861,B.1.2,0,0
EPI_ISL_1095251,B.1.2,0,0
EPI_ISL_1089067,B.1.2,0,0
EPI_ISL_1086306,B.1.2,0,0
EPI_ISL_1161396,B.1.2,0,0
EPI_ISL_1079169,B.1,0,0
n899,B.1.2,0,0
EPI_ISL_955637,B.1.2,0,0
EPI_ISL_739063,B.1.2,0,0
EPI_ISL_942903,B.1.2,0,0
n900,B.1.2,0,0
n901,B.1.2,0,0
n902,B.1.2,0,0
EPI_ISL_1032536,B.1.2,0,0
EPI_ISL_966765,B.1.2,0,0
n903,B.1.2,0,0
n904,B.1.2,0,0
n905,B.1.2,0,0
n906,B.1.2,0,0
n907,B.1.2,0,0
n908,B.1.2,0,0
n909,B.1.2,0,0
n910,B.1.2,0,0
EPI_ISL_574669,B.1.2,0,0
EPI_ISL_596442,B.1.2,0,0
EPI_ISL_667462,B.1.2,0,0
n911,B.1.2,0,0
EPI_ISL_1139175,B.1.2,0,0
EPI_ISL_1087302,B.1.2,0,0
EPI_ISL_1022377,B.1.2,0,0
n912,B.1.2,0,0
n913,B.1.2,0,0
n914,B.1.2,0,0
n915,B.1.2,0,0
n916,B.1.2,0,0
EPI_ISL_1078545,B.1.2,0,0
n917,B.1.2,0,0
n918,B.1.2,0,0
EPI_ISL_962661,B.1.2,0,0
EPI_ISL_751789,B.1.2,0,0
n919,B.1.2,0,0
EPI_ISL_804809,B.1.2,0,0
n920,B.1.2,0,0
EPI_ISL_768421,B.1.2,0,0
EPI_ISL_884926,B.1.2,0,0
EPI_ISL_1169851,B.1.2,0,0
n921,B.1.2,0,0
n922,B.1.2,0,0
n923,B.1.2,0,0
EPI_ISL_1122104,B.1.2,0,0
n924,B.1.2,0,0
EPI_ISL_930706,B.1.2,0,0
EPI_ISL_930701,B.1.2,0,0
n925,B.1.2,0,0
EPI_ISL_1079440,B.1.2,0,0
EPI_ISL_837541,B.1.2,0,0
n926,B.1.2,0,0
n927,B.1.2,0,0
n928,B.1.2,0,0
n929,B.1.2,0,0
EPI_ISL_886928,B.1.2,0,0
EPI_ISL_832609,B.1.2,0,0
EPI_ISL_671722,B.1.2,0,0
n930,B.1.2,0,0
n931,B.1.2,0,0
n932,B.1.2,0,0
EPI_ISL_984521,B.1.2,0,0
n933,B.1.2,0,0
n934,B.1.2,0,0
EPI_ISL_832436,B.1.2,0,0
n935,B.1.2,0,0
EPI_ISL_848824,B.1.2,0,0
EPI_ISL_1122047,B.1.2,0,0
n936,B.1.2,0,0
EPI_ISL_756216,B.1.2,0,0
EPI_ISL_1017901,B.1.2,0,0
n937,B.1.2,0,0
n938,B.1.2,0,0
EPI_ISL_1029800,B.1.2,0,0
n939,B.1.2,0,0
EPI_ISL_1087816,B.1.2,0,0
EPI_ISL_903217,B.1.2,0,0
n940,B.1.2,0,0
n941,B.1.2,0,0
EPI_ISL_937343,B.1.2,0,0
n942,B.1.2,0,0
n943,B.1.2,0,0
EPI_ISL_831838,B.1.2,0,0
EPI_ISL_890950,B.1.2,0,0
n944,B.1.2,0,0
EPI_ISL_746446,B.1.2,0,0
EPI_ISL_771292,B.1.2,0,0
EPI_ISL_890981,B.1.2,0,0
EPI_ISL_966886,B.1.2,0,0
n945,B.1.2,0,0
EPI_ISL_650099,B.1.2,0,0
EPI_ISL_849617,B.1.2,0,0
n946,B.1.2,0,0
n947,B.1.2,0,0
n948,B.1.2,0,0
EPI_ISL_967436,B.1.2,0,0
EPI_ISL_826311,B.1.2,0,0
n949,B.1.2,0,0
n950,B.1.2,0,0
n951,B.1.2,0,0
EPI_ISL_1094584,B.1.2,0,0
EPI_ISL_746995,B.1.2,0,0
n952,B.1.2,0,0
EPI_ISL_746998,B.1.2,0,0
EPI_ISL_746271,B.1.2,0,0
EPI_ISL_1029117,B.1.2,0,0
n953,B.1.2,0,0
n954,B.1.2,0,0
n955,B.1.2,0,0
EPI_ISL_856953,B.1.2,0,0
EPI_ISL_884897,B.1.2,0,0
n956,B.1.2,0,0
EPI_ISL_884922,B.1.2,0,0
EPI_ISL_648386,B.1.2,0,0
EPI_ISL_1171138,B.1.2,0,0
n957,B.1.2,0,0
n958,B.1.2,0,0
n959,B.1.2,0,0
EPI_ISL_1094760,B.1.2,0,0
EPI_ISL_756235,B.1.2,0,0
EPI_ISL_1015740,B.1.2,0,0
EPI_ISL_648516,B.1.2,0,0
n960,B.1.2,0,0
EPI_ISL_1080401,B.1.2,0,0
n961,B.1.2,0,0
n962,B.1.2,0,0
n963,B.1.2,0,0
n964,B.1.2,0,0
EPI_ISL_1087820,B.1.2,0,0
EPI_ISL_1075138,B.1.2,0,0
n965,B.1.2,0,0
n966,B.1.2,0,0
EPI_ISL_1080286,B.1.2,0,0
EPI_ISL_1076024,B.1.2,0,0
n967,B.1.2,0,0
EPI_ISL_1079023,B.1.2,0,0
n968,B.1.2,0,0
n969,B.1.2,0,0
EPI_ISL_1136120,B.1.2,0,0
n970,B.1.2,0,0
n971,B.1.2,0,0
EPI_ISL_1113981,B.1.2,0,0
EPI_ISL_753586,B.1.2,0,0
EPI_ISL_882974,B.1.2,0,0
EPI_ISL_913187,B.1.2,0,0
EPI_ISL_891065,B.1.2,0,0
n972,B.1.2,0,0
n973,B.1.2,0,0
EPI_ISL_1021765,B.1.2,0,0
n974,B.1.2,0,0
EPI_ISL_1097434,B.1.2,0,0
n975,B.1.2,0,0
n976,B.1.2,0,0
n977,B.1.2,0,0
n978,B.1.2,0,0
EPI_ISL_941246,B.1.2,0,0
EPI_ISL_1159327,B.1.2,0,0
EPI_ISL_771338,B.1.2,0,0
EPI_ISL_1009847,B.1.2,0,0
n979,B.1.2,0,0
EPI_ISL_1086465,B.1.2,0,0
n980,B.1.2,0,0
n981,B.1.2,0,0
n982,B.1.2,0,0
EPI_ISL_1171136,B.1.2,0,0
EPI_ISL_1090906,B.1.2,0,0
EPI_ISL_965052,B.1.2,0,0
n983,B.1.2,0,0
EPI_ISL_1171266,B.1.2,0,0
EPI_ISL_1029555,B.1.2,0,0
n984,B.1.2,0,0
n985,B.1.2,0,0
EPI_ISL_978677,B.1.2,0,0
n986,B.1.2,0,0
EPI_ISL_1094463,B.1.2,0,0
EPI_ISL_1038905,B.1.2,0,0
n987,B.1.2,0,0
EPI_ISL_1094929,B.1.2,0,0
EPI_ISL_914671,B.1.2,0,0
EPI_ISL_806873,B.1.2,0,0
EPI_ISL_1078763,B.1.2,0,0
n988,B.1.2,0,0
n989,B.1.2,0,0
n990,B.1.2,0,0
EPI_ISL_966696,B.1.2,0,0
EPI_ISL_830575,B.1.2,0,0
n991,B.1.2,0,0
EPI_ISL_785883,B.1.2,0,0
EPI_ISL_779322,B.1.2,0,0
n992,B.1.2,0,0
EPI_ISL_877323,B.1.2,0,0
n993,B.1.2,0,0
EPI_ISL_1090810,B.1.2,0,0
n994,B.1.2,0,0
EPI_ISL_1076832,B.1.2,0,0
n995,B.1.2,0,0
n996,B.1.2,0,0
n997,B.1.2,0,0
n998,B.1.2,0,0
EPI_ISL_1134552,B.1.2,0,0
n999,B.1.2,0,0
n1000,B.1.2,0,0
EPI_ISL_886390,B.1.2,0,0
n1001,B.1.2,0,0
n1002,B.1.2,0,0
n1003,B.1.2,0,0
EPI_ISL_982013,B.1.2,0,0
n1004,B.1.2,0,0
n1005,B.1.2,0,0
EPI_ISL_1079083,B.1.2,0,0
EPI_ISL_1089350,B.1.2,0,0
EPI_ISL_888924,B.1.2,0,0
EPI_ISL_1086237,B.1.2,0,0
n1006,B.1.2,0,0
EPI_ISL_888516,B.1.2,0,0
n1007,B.1.2,0,0
EPI_ISL_904108,B.1.2,0,0
EPI_ISL_1139395,B.1.2,0,0
n1008,B.1.2,0,0
n1009,B.1.2,0,0
n1010,B.1.2,0,0
n1011,B.1.2,0,0
n1012,B.1.2,0,0
n1013,B.1.2,0,0
n1014,B.1.2,0,0
n1015,B.1.2,0,0
EPI_ISL_1110116,B.1.2,0,0
EPI_ISL_905898,B.1.2,0,0
EPI_ISL_911880,B.1.2,0,0
EPI_ISL_1113982,B.1.2,0,0
n1016,B.1.2,0,0
EPI_ISL_1137062,B.1.2,0,0
EPI_ISL_1030113,B.1.2,0,0
EPI_ISL_1086610,B.1.2,0,0
EPI_ISL_1076334,B.1.2,0,0
EPI_ISL_955333,B.1.2,0,0
EPI_ISL_978686,B.1.2,0,0
EPI_ISL_1094979,B.1.2,0,0
n1017,B.1.2,0,0
EPI_ISL_1080140,B.1.2,0,0
n1018,B.1.2,0,0
n1019,B.1.2,0,0
n1020,B.1.2,0,0
EPI_ISL_778971,B.1.2,0,0
EPI_ISL_778994,B.1.2,0,0
EPI_ISL_779003,B.1.2,0,0
n1021,B.1.2,0,0
n1022,B.1.2,0,0
EPI_ISL_768445,B.1.2,0,0
EPI_ISL_779099,B.1.2,0,0
EPI_ISL_1163868,B.1.2,0,0
EPI_ISL_1075170,B.1.2,0,0
n1023,B.1.2,0,0
EPI_ISL_1076845,B.1.2,0,0
n1024,B.1.2,0,0
n1025,B.1.2,0,0
n1026,B.1.2,0,0
EPI_ISL_979409,B.1.2,0,0
EPI_ISL_979407,B.1.2,0,0
n1027,B.1.2,0,0
n1028,B.1.2,0,0
EPI_ISL_783790,B.1.2,0,0
EPI_ISL_784679,B.1.2,0,0
EPI_ISL_1077932,B.1.2,0,0
n1029,B.1.2,0,0
EPI_ISL_1076943,B.1.2,0,0
EPI_ISL_1079010,B.1.2,0,0
n1030,B.1.2,0,0
n1031,B.1.2,0,0
n1032,B.1.2,0,0
n1033,B.1.2,0,0
EPI_ISL_884248,B.1.2,0,0
n1034,B.1.2,0,0
EPI_ISL_1090478,B.1.2,0,0
EPI_ISL_787068,B.1.2,0,0
n1035,B.1.2,0,0
n1036,B.1.2,0,0
n1037,B.1.2,0,0
n1038,B.1.2,0,0
EPI_ISL_785174,B.1.2,0,0
EPI_ISL_980943,B.1.2,0,0
EPI_ISL_981130,B.1.2,0,0
EPI_ISL_903064,B.1.2,0,0
n1039,B.1.2,0,0
n1040,B.1.2,0,0
n1041,B.1.2,0,0
EPI_ISL_1087711,B.1.2,0,0
n1042,B.1.2,0,0
EPI_ISL_869236,B.1.2,0,0
EPI_ISL_1016905,B.1.2,0,0
EPI_ISL_787802,B.1.2,0,0
n1043,B.1.2,0,0
n1044,B.1.2,0,0
EPI_ISL_886843,B.1.2,0,0
n1045,B.1.2,0,0
EPI_ISL_1078371,B.1.2,0,0
EPI_ISL_825012,B.1.2,0,0
n1046,B.1.2,0,0
EPI_ISL_1078885,B.1.2,0,0
n1047,B.1.2,0,0
EPI_ISL_906020,B.1.2,0,0
EPI_ISL_1122041,B.1.2,0,0
n1048,B.1.2,0,0
EPI_ISL_1076042,B.1.2,0,0
EPI_ISL_1076722,B.1.2,0,0
n1049,B.1.2,0,0
n1050,B.1.2,0,0
n1051,B.1.2,0,0
EPI_ISL_1032104,B.1.2,0,0
n1052,B.1.2,0,0
n1053,B.1.2,0,0
EPI_ISL_1075423,B.1.2,0,0
n1054,B.1.2,0,0
EPI_ISL_785255,B.1.2,0,0
EPI_ISL_1077024,B.1.2,0,0
n1055,B.1.2,0,0
n1056,B.1.2,0,0
EPI_ISL_1114143,B.1.2,0,0
n1057,B.1.2,0,0
EPI_ISL_888557,B.1.2,0,0
n1058,B.1.2,0,0
EPI_ISL_1078236,B.1.2,0,0
EPI_ISL_1079501,B.1.2,0,0
n1059,B.1.2,0,0
EPI_ISL_1076756,B.1.2,0,0
EPI_ISL_1075241,B.1.2,0,0
n1060,B.1.2,0,0
EPI_ISL_1077489,B.1.2,0,0
n1061,B.1.2,0,0
EPI_ISL_979396,B.1.2,0,0
n1062,B.1.2,0,0
n1063,B.1.2,0,0
EPI_ISL_1074519,B.1.2,0,0
EPI_ISL_1079727,B.1.2,0,0
EPI_ISL_1075869,B.1.2,0,0
EPI_ISL_1076501,B.1.2,0,0
n1064,B.1.2,0,0
n1065,B.1.2,0,0
n1066,B.1.2,0,0
n1067,B.1.2,0,0
n1068,B.1.2,0,0
EPI_ISL_1048795,B.1.2,0,0
EPI_ISL_1163462,B.1.2,0,0
EPI_ISL_1136139,B.1.2,0,0
EPI_ISL_937065,B.1.2,0,0
n1069,B.1.2,0,0
n1070,B.1.2,0,0
n1071,B.1.2,0,0
n1072,B.1.2,0,0
n1073,B.1.2,0,0
EPI_ISL_861057,B.1.2,0,0
n1074,B.1.2,0,0
n1075,B.1.2,0,0
EPI_ISL_1058068,B.1.2,0,0
EPI_ISL_1091672,B.1.2,0,0
EPI_ISL_1094818,B.1,0,0
n1076,B.1.2,0,0
n1077,B.1.2,0,0
EPI_ISL_876707,B.1.2,0,0
n1078,B.1.2,0,0
EPI_ISL_1032165,B.1.2,0,0
EPI_ISL_1097782,B.1.2,0,0
n1079,B.1.2,0,0
EPI_ISL_1088917,B.1.2,0,0
EPI_ISL_936709,B.1.2,0,0
n1080,B.1.2,0,0
n1081,B.1.2,0,0
n1082,B.1.2,0,0
n1083,B.1.2,0,0
n1084,B.1.2,0,0
n1085,B.1.2,0,0
EPI_ISL_735474,B.1.2,0,0
EPI_ISL_807119,B.1.2,0,0
EPI_ISL_1110076,B.1.2,0,0
n1086,B.1.2,0,0
EPI_ISL_1121286,B.1.2,0,0
n1087,B.1.2,0,0
n1088,B.1.2,0,0
EPI_ISL_888395,B.1.2,0,0
EPI_ISL_1029646,B.1.2,0,0
n1089,B.1.2,0,0
n1090,B.1.2,0,0
EPI_ISL_861223,B.1.2,0,0
EPI_ISL_887988,B.1.2,0,0
n1091,B.1.2,0,0
n1092,B.1.2,0,0
n1093,B.1.2,0,0
EPI_ISL_765529,B.1.2,0,0
EPI_ISL_896309,B.1.2,0,0
EPI_ISL_765526,B.1.2,0,0
EPI_ISL_903676,B.1.2,0,0
n1094,B.1.2,0,0
EPI_ISL_832849,B.1.2,0,0
EPI_ISL_1086284,B.1.2,0,0
EPI_ISL_1157004,B.1.2,0,0
n1095,B.1.2,0,0
n1096,B.1.2,0,0
EPI_ISL_888379,B.1.2,0,0
EPI_ISL_1064175,B.1.2,0,0
n1097,B.1.2,0,0
EPI_ISL_728096,B.1.2,0,0
n1098,B.1.2,0,0
EPI_ISL_942462,B.1.2,0,0
EPI_ISL_661037,B.1.2,0,0
n1099,B.1.2,0,0
n1100,B.1.2,0,0
n1101,B.1.2,0,0
EPI_ISL_1038587,B.1.2,0,0
EPI_ISL_790219,B.1.2,0,0
n1102,B.1.2,0,0
n1103,B.1.2,0,0
n1104,B.1.2,0,0
EPI_ISL_1016663,B.1.2,0,0
n1105,B.1.2,0,0
EPI_ISL_1087196,B.1.2,0,0
n1106,B.1.2,0,0
n1107,B.1.2,0,0
n1108,B.1.2,0,0
n1109,B.1.2,0,0
n1110,B.1.2,0,0
EPI_ISL_1078571,B.1.2,0,0
n1111,B.1.2,0,0
n1112,B.1.2,0,0
EPI_ISL_1088488,B.1.2,0,0
EPI_ISL_1167982,B.1.2,0,0
n1113,B.1.2,0,0
EPI_ISL_1031998,B.1.2,0,0
EPI_ISL_1038778,B.1.2,0,0
n1114,B.1.2,0,0
EPI_ISL_1095270,B.1.2,0,0
n1115,B.1.2,0,0
n1116,B.1.2,0,0
EPI_ISL_984863,B.1.2,0,0
EPI_ISL_888382,B.1.2,0,0
n1117,B.1.2,0,0
n1118,B.1.2,0,0
EPI_ISL_1161226,B.1.2,0,0
EPI_ISL_1086582,B.1.2,0,0
EPI_ISL_966874,B.1.2,0,0
EPI_ISL_1030222,B.1.2,0,0
EPI_ISL_1076883,B.1.2,0,0
n1119,B.1.2,0,0
EPI_ISL_650076,B.1.2,0,0
EPI_ISL_967838,B.1.2,0,0
EPI_ISL_1076499,B.1.2,0,0
n1120,B.1.2,0,0
n1121,B.1.2,0,0
n1122,B.1.2,0,0
EPI_ISL_875589,B.1.2,0,0
n1123,B.1.2,0,0
EPI_ISL_883213,B.1.2,0,0
n1124,B.1.2,0,0
n1125,B.1.2,0,0
EPI_ISL_876494,B.1.2,0,0
EPI_ISL_1087431,B.1.2,0,0
n1126,B.1.2,0,0
n1127,B.1.2,0,0
n1128,B.1.2,0,0
n1129,B.1.2,0,0
EPI_ISL_876375,B.1.2,0,0
EPI_ISL_1094891,B.1.2,0,0
EPI_ISL_1163207,B.1.2,0,0
EPI_ISL_1159593,B.1.2,0,0
EPI_ISL_872408,B.1.2,0,0
EPI_ISL_1088000,B.1.2,0,0
n1130,B.1.2,0,0
n1131,B.1.2,0,0
EPI_ISL_1090835,B.1.2,0,0
EPI_ISL_1078568,B.1.2,0,0
n1132,B.1.2,0,0
n1133,B.1.2,0,0
EPI_ISL_886404,B.1.2,0,0
EPI_ISL_1080015,B.1.2,0,0
EPI_ISL_877471,B.1.2,0,0
EPI_ISL_966479,B.1.2,0,0
n1134,B.1.2,0,0
n1135,B.1.2,0,0
n1136,B.1.2,0,0
n1137,B.1.2,0,0
EPI_ISL_1139422,B.1.2,0,0
EPI_ISL_753661,B.1.2,0,0
n1138,B.1.2,0,0
n1139,B.1.2,0,0
EPI_ISL_914904,B.1.2,0,0
EPI_ISL_824601,B.1.2,0,0
EPI_ISL_1075410,B.1.2,0,0
EPI_ISL_1075606,B.1.2,0,0
n1140,B.1.2,0,0
n1141,B.1.2,0,0
EPI_ISL_1078034,B.1.2,0,0
EPI_ISL_1080145,B.1.2,0,0
n1142,B.1.2,0,0
EPI_ISL_1078741,B.1.2,0,0
EPI_ISL_1080009,B.1.2,0,0
EPI_ISL_1077779,B.1.2,0,0
n1143,B.1.2,0,0
n1144,B.1.2,0,0
n1145,B.1.2,0,0
n1146,B.1.2,0,0
n1147,B.1.2,0,0
n1148,B.1.2,0,0
n1149,B.1.2,0,0
n1150,B.1.2,0,0
EPI_ISL_739559,B.1.2,0,0
EPI_ISL_885076,B.1.2,0,0
EPI_ISL_786027,B.1.2,0,0
EPI_ISL_832702,B.1.2,0,0
n1151,B.1.2,0,0
n1152,B.1.2,0,0
EPI_ISL_877297,B.1.2,0,0
EPI_ISL_1030153,B.1.2,0,0
n1153,B.1.2,0,0
n1154,B.1.2,0,0
n1155,B.1.2,0,0
EPI_ISL_860947,B.1.2,0,0
EPI_ISL_1095053,B.1.2,0,0
n1156,B.1.2,0,0
EPI_ISL_1021727,B.1.2,0,0
n1157,B.1.2,0,0
n1158,B.1.2,0,0
n1159,B.1.2,0,0
n1160,B.1.2,0,0
n1161,B.1.2,0,0
n1162,B.1.2,0,0
EPI_ISL_1137538,B.1.2,0,0
EPI_ISL_1022343,B.1.2,0,0
n1163,B.1.2,0,0
EPI_ISL_967316,B.1.2,0,0
EPI_ISL_1021211,B.1.2,0,0
EPI_ISL_1029931,B.1.2,0,0
n1164,B.1.2,0,0
n1165,B.1.2,0,0
EPI_ISL_1086542,B.1.2,0,0
EPI_ISL_888142,B.1.2,0,0
n1166,B.1.2,0,0
EPI_ISL_1076678,B.1.2,0,0
EPI_ISL_887550,B.1.2,0,0
n1167,B.1.2,0,0
n1168,B.1.2,0,0
EPI_ISL_877247,B.1.2,0,0
EPI_ISL_876466,B.1.2,0,0
EPI_ISL_771353,B.1.2,0,0
n1169,B.1.2,0,0
EPI_ISL_965172,B.1.2,0,0
EPI_ISL_1088137,B.1.2,0,0
EPI_ISL_903685,B.1,0,0
n1170,B.1.2,0,0
EPI_ISL_1080107,B.1.2,0,0
n1171,B.1.2,0,0
EPI_ISL_1039551,B.1.2,0,0
EPI_ISL_1039629,B.1.2,0,0
n1172,B.1.2,0,0
n1173,B.1.2,0,0
n1174,B.1.2,0,0
n1175,B.1.2,0,0
EPI_ISL_888168,B.1.2,0,0
n1176,B.1.2,0,0
n1177,B.1.2,0,0
EPI_ISL_1086361,B.1.2,0,0
EPI_ISL_876843,B.1.2,0,0
EPI_ISL_1077174,B.1.2,0,0
n1178,B.1.2,0,0
EPI_ISL_1079175,B.1.2,0,0
EPI_ISL_884124,B.1.2,0,0
n1179,B.1.2,0,0
n1180,B.1.2,0,0
n1181,B.1.2,0,0
n1182,B.1.2,0,0
EPI_ISL_1012912,B.1.2,0,0
n1183,B.1.2,0,0
n1184,B.1.2,0,0
n1185,B.1.2,0,0
n1186,B.1.2,0,0
EPI_ISL_1075932,B.1.2,0,0
EPI_ISL_875582,B.1.2,0,0
n1187,B.1.2,0,0
n1188,B.1.2,0,0
n1189,B.1.2,0,0
n1190,B.1.2,0,0
n1191,B.1.2,0,0
n1192,B.1.2,0,0
EPI_ISL_1080075,B.1.2,0,0
EPI_ISL_1076687,B.1.2,0,0
EPI_ISL_1076684,B.1.2,0,0
EPI_ISL_1086305,B.1.2,0,0
n1193,B.1.2,0,0
EPI_ISL_1094828,B.1.2,0,0
EPI_ISL_875603,B.1.2,0,0
n1194,B.1.2,0,0
n1195,B.1.2,0,0
n1196,B.1.2,0,0
n1197,B.1.2,0,0
n1198,B.1.2,0,0
n1199,B.1.2,0,0
EPI_ISL_767485,B.1.2,0,0
EPI_ISL_769933,B.1.2,0,0
EPI_ISL_983254,B.1.2,0,0
EPI_ISL_935402,B.1.2,0,0
n1200,B.1.2,0,0
EPI_ISL_824532,B.1.2,0,0
n1201,B.1.2,0,0
EPI_ISL_755075,B.1.2,0,0
n1202,B.1.2,0,0
EPI_ISL_755114,B.1.2,0,0
EPI_ISL_755093,B.1.2,0,0
n1203,B.1.2,0,0
n1204,B.1.2,0,0
n1205,B.1.2,0,0
n1206,B.1.2,0,0
n1207,B.1.2,0,0
n1208,B.1.2,0,0
EPI_ISL_1077896,B.1.2,0,0
n1209,B.1.2,0,0
n1210,B.1.2,0,0
EPI_ISL_771348,B.1.2,0,0
EPI_ISL_983830,B.1.2,0,0
EPI_ISL_925235,B.1.2,0,0
n1211,B.1.2,0,0
n1212,B.1.2,0,0
EPI_ISL_983797,B.1.2,0,0
n1213,B.1.2,0,0
n1214,B.1.2,0,0
EPI_ISL_1009253,B.1.2,0,0
EPI_ISL_1169969,B.1.2,0,0
EPI_ISL_888076,B.1.2,0,0
n1215,B.1.2,0,0
EPI_ISL_847767,B.1.2,0,0
EPI_ISL_1016166,B.1.2,0,0
n1216,B.1.2,0,0
EPI_ISL_1074329,B.1.2,0,0
EPI_ISL_911945,B.1.2,0,0
EPI_ISL_965881,B.1.2,0,0
n1217,B.1.2,0,0
n1218,B.1.2,0,0
EPI_ISL_876896,B.1.2,0,0
EPI_ISL_965965,B.1.2,0,0
n1219,B.1.2,0,0
EPI_ISL_1009817,B.1.2,0,0
EPI_ISL_682221,B.1.2,0,0
n1220,B.1.2,0,0
n1221,B.1.2,0,0
n1222,B.1.2,0,0
EPI_ISL_831933,B.1.2,0,0
EPI_ISL_596621,B.1.2,0,0
EPI_ISL_857084,B.1.2,0,0
EPI_ISL_968082,B.1.2,0,0
EPI_ISL_1032102,B.1.2,0,0
n1223,B.1.2,0,0
n1224,B.1.2,0,0
EPI_ISL_857417,B.1.2,0,0
EPI_ISL_753367,B.1.2,0,0
n1225,B.1.2,0,0
n1226,B.1.2,0,0
EPI_ISL_1038895,B.1.2,0,0
EPI_ISL_832123,B.1.2,0,0
EPI_ISL_1094790,B.1.2,0,0
n1227,B.1.2,0,0
n1228,B.1.2,0,0
n1229,B.1.2,0,0
EPI_ISL_967509,B.1.2,0,0
EPI_ISL_1087649,B.1.2,0,0
n1230,B.1.2,0,0
n1231,B.1.2,0,0
n1232,B.1.2,0,0
EPI_ISL_786298,B.1.2,0,0
EPI_ISL_1080044,B.1.2,0,0
n1233,B.1.2,0,0
EPI_ISL_1049945,B.1.2,0,0
n1234,B.1.2,0,0
EPI_ISL_889754,B.1.2,0,0
EPI_ISL_979399,B.1.2,0,0
n1235,B.1.2,0,0
EPI_ISL_1079058,B.1.2,0,0
n1236,B.1.2,0,0
n1237,B.1.2,0,0
EPI_ISL_536757,B.1.2,0,0
n1238,B.1.2,0,0
EPI_ISL_831805,B.1.2,0,0
n1239,B.1.2,0,0
EPI_ISL_918223,B.1.2,0,0
EPI_ISL_1049308,B.1.2,0,0
EPI_ISL_1079504,B.1.2,0,0
n1240,B.1.2,0,0
n1241,B.1.2,0,0
EPI_ISL_677202,B.1.2,0,0
n1242,B.1.2,0,0
n1243,B.1.2,0,0
n1244,B.1.2,0,0
EPI_ISL_1016400,B.1.2,0,0
EPI_ISL_1098374,B.1.2,0,0
n1245,B.1.2,0,0
n1246,B.1.2,0,0
EPI_ISL_791456,B.1.2,0,0
EPI_ISL_728118,B.1.2,0,0
EPI_ISL_1121896,B.1.2,0,0
EPI_ISL_1076011,B.1.2,0,0
n1247,B.1.2,0,0
EPI_ISL_1093586,B.1.2,0,0
n1248,B.1.2,0,0
EPI_ISL_783982,B.1.2,0,0
EPI_ISL_1075754,B.1.2,0,0
n1249,B.1.2,0,0
n1250,B.1.2,0,0
EPI_ISL_936187,B.1.2,0,0
n1251,B.1.2,0,0
EPI_ISL_848061,B.1.2,0,0
n1252,B.1.2,0,0
n1253,B.1.2,0,0
EPI_ISL_1077781,B.1.2,0,0
EPI_ISL_771322,B.1.2,0,0
n1254,B.1.2,0,0
EPI_ISL_1049978,B.1.2,0,0
n1255,B.1.2,0,0
EPI_ISL_1113983,B.1.2,0,0
EPI_ISL_1049333,B.1.2,0,0
n1256,B.1.2,0,0
EPI_ISL_765981,B.1.2,0,0
n1257,B.1.2,0,0
n1258,B.1.2,0,0
n1259,B.1.2,0,0
EPI_ISL_965094,B.1.2,0,0
EPI_ISL_1059947,B.1.2,0,0
EPI_ISL_819227,B.1.2,0,0
EPI_ISL_765972,B.1.2,0,0
n1260,B.1.2,0,0
n1261,B.1.2,0,0
EPI_ISL_1095124,B.1.2,0,0
EPI_ISL_784877,B.1,0,0
n1262,B.1.2,0,0
EPI_ISL_832790,B.1.2,0,0
EPI_ISL_904119,B.1.2,0,0
n1263,B.1.2,0,0
n1264,B.1.2,0,0
EPI_ISL_1075427,B.1.2,0,0
n1265,B.1.2,0,0
n1266,B.1.2,0,0
n1267,B.1.2,0,0
EPI_ISL_856861,B.1.2,0,0
EPI_ISL_1081729,B.1.2,0,0
n1268,B.1.2,0,0
EPI_ISL_1079612,B.1.2,0,0
n1269,B.1.2,0,0
EPI_ISL_784765,B.1.2,0,0
EPI_ISL_1076378,B.1.2,0,0
n1270,B.1.2,0,0
EPI_ISL_1164899,B.1.2,0,0
EPI_ISL_789711,B.1.2,0,0
n1271,B.1.2,0,0
EPI_ISL_1075234,B.1.2,0,0
n1272,B.1.2,0,0
EPI_ISL_1163311,B.1.2,0,0
n1273,B.1.2,0,0
n1274,B.1.2,0,0
n1275,B.1.2,0,0
EPI_ISL_746975,B.1.2,0,0
EPI_ISL_931567,B.1.2,0,0
EPI_ISL_1060165,B.1.2,0,0
EPI_ISL_872812,B.1.2,0,0
n1276,B.1.2,0,0
n1277,B.1.2,0,0
n1278,B.1.2,0,0
EPI_ISL_1074586,B.1.2,0,0
n1279,B.1.2,0,0
n1280,B.1.2,0,0
EPI_ISL_896326,B.1.2,0,0
EPI_ISL_876717,B.1.2,0,0
EPI_ISL_644601,B.1.2,0,0
EPI_ISL_1078276,B.1.2,0,0
EPI_ISL_883214,B.1.2,0,0
n1281,B.1.2,0,0
EPI_ISL_1078499,B.1.2,0,0
EPI_ISL_1059254,B.1.2,0,0
n1282,B.1.2,0,0
EPI_ISL_1039528,B.1.2,0,0
EPI_ISL_1039552,B.1.2,0,0
n1283,B.1.2,0,0
n1284,B.1.2,0,0
n1285,B.1.2,0,0
n1286,B.1.2,0,0
EPI_ISL_1114007,B.1,0,0
n1287,B.1.2,0,0
n1288,B.1.2,0,0
n1289,B.1.2,0,0
EPI_ISL_1081620,B.1.2,0,0
EPI_ISL_1077789,B.1.2,0,0
EPI_ISL_784046,B.1.2,0,0
n1290,B.1.2,0,0
EPI_ISL_1088544,B.1.2,0,0
EPI_ISL_1159577,B.1.2,0,0
n1291,B.1.2,0,0
EPI_ISL_1029679,B.1.2,0,0
EPI_ISL_1163278,B.1.2,0,0
n1292,B.1.2,0,0
EPI_ISL_1079929,B.1.2,0,0
EPI_ISL_1076029,B.1.2,0,0
n1293,B.1.2,0,0
n1294,B.1.2,0,0
EPI_ISL_856944,B.1.2,0,0
EPI_ISL_826394,B.1.2,0,0
n1295,B.1.2,0,0
n1296,B.1.2,0,0
EPI_ISL_1081003,B.1,0,0
n1297,B.1.2,0,0
n1298,B.1.2,0,0
EPI_ISL_785728,B.1.2,0,0
EPI_ISL_785807,B.1.2,0,0
n1299,B.1.2,0,0
n1300,B.1.2,0,0
EPI_ISL_1078410,B.1.2,0,0
EPI_ISL_1078434,B.1.2,0,0
n1301,B.1.2,0,0
n1302,B.1.2,0,0
n1303,B.1.2,0,0
EPI_ISL_708363,B.1.2,0,0
EPI_ISL_1078482,B.1.2,0,0
EPI_ISL_682189,B.1.2,0,0
EPI_ISL_1086617,B.1.2,0,0
n1304,B.1.2,0,0
EPI_ISL_979383,B.1.2,0,0
EPI_ISL_787599,B.1.2,0,0
n1305,B.1.2,0,0
EPI_ISL_883276,B.1.2,0,0
EPI_ISL_1080282,B.1.2,0,0
EPI_ISL_1078021,B.1,0,0
n1306,B.1.2,0,0
n1307,B.1.2,0,0
n1308,B.1.2,0,0
n1309,B.1.2,0,0
EPI_ISL_575296,B.1.2,0,0
n1310,B.1.2,0,0
EPI_ISL_1078734,B.1.2,0,0
EPI_ISL_935720,B.1.2,0,0
n1311,B.1.2,0,0
n1312,B.1.2,0,0
EPI_ISL_880006,B.1.2,0,0
n1313,B.1.2,0,0
n1314,B.1.2,0,0
EPI_ISL_984109,B.1.2,0,0
EPI_ISL_903561,B.1.2,0,0
n1315,B.1.2,0,0
EPI_ISL_1087925,B.1.2,0,0
n1316,B.1.2,0,0
n1317,B.1.2,0,0
EPI_ISL_1086500,B.1.2,0,0
n1318,B.1.2,0,0
EPI_ISL_1086802,B.1.2,0,0
EPI_ISL_1088523,B.1.2,0,0
n1319,B.1.2,0,0
n1320,B.1.2,0,0
EPI_ISL_880241,B.1.2,0,0
EPI_ISL_1110092,B.1.2,0,0
EPI_ISL_824669,B.1.2,0,0
n1321,B.1.2,0,0
n1322,B.1.2,0,0
n1323,B.1.2,0,0
EPI_ISL_1089081,B.1.2,0,0
n1324,B.1.2,0,0
n1325,B.1.2,0,0
EPI_ISL_1114616,B.1.2,0,0
n1326,B.1.2,0,0
EPI_ISL_754623,B.1.2,0,0
EPI_ISL_1134447,B.1.2,0,0
n1327,B.1.2,0,0
n1328,B.1.2,0,0
EPI_ISL_784911,B.1.2,0,0
n1329,B.1.2,0,0
n1330,B.1.2,0,0
n1331,B.1.2,0,0
EPI_ISL_884610,B.1.2,0,0
EPI_ISL_784848,B.1.2,0,0
EPI_ISL_1075663,B.1.2,0,0
EPI_ISL_1078382,B.1.2,0,0
EPI_ISL_982636,B.1.2,0,0
n1332,B.1.2,0,0
n1333,B.1.2,0,0
EPI_ISL_1009594,B.1.2,0,0
EPI_ISL_1132302,B.1.2,0,0
n1334,B.1.2,0,0
EPI_ISL_826400,B.1.2,0,0
EPI_ISL_1049941,B.1.2,0,0
n1335,B.1.2,0,0
n1336,B.1.2,0,0
EPI_ISL_1017840,B.1.2,0,0
EPI_ISL_804799,B.1.2,0,0
n1337,B.1.2,0,0
EPI_ISL_1171274,B.1.2,0,0
EPI_ISL_747195,B.1.2,0,0
n1338,B.1.2,0,0
EPI_ISL_1086503,B.1.2,0,0
n1339,B.1.2,0,0
EPI_ISL_1075387,B.1.2,0,0
n1340,B.1.2,0,0
EPI_ISL_833035,B.1.2,0,0
n1341,B.1.2,0,0
n1342,B.1.2,0,0
EPI_ISL_1121664,B.1.2,0,0
n1343,B.1.2,0,0
EPI_ISL_1113909,B.1.2,0,0
EPI_ISL_976968,B.1.2,0,0
EPI_ISL_1011749,B.1.2,0,0
EPI_ISL_784987,B.1.2,0,0
n1344,B.1.2,0,0
EPI_ISL_1078905,B.1.2,0,0
EPI_ISL_1078906,B.1.2,0,0
n1345,B.1.2,0,0
n1346,B.1.2,0,0
n1347,B.1.2,0,0
n1348,B.1.2,0,0
EPI_ISL_903708,B.1.2,0,0
EPI_ISL_979520,B.1.2,0,0
EPI_ISL_1041772,B.1.2,0,0
n1349,B.1.2,0,0
n1350,B.1.2,0,0
n1351,B.1.2,0,0
n1352,B.1.2,0,0
n1353,B.1.2,0,0
n1354,B.1.2,0,0
n1355,B.1.2,0,0
EPI_ISL_980995,B.1.2,0,0
EPI_ISL_980997,B.1.2,0,0
n1356,B.1.2,0,0
EPI_ISL_1097557,B.1.2,0,0
EPI_ISL_942008,B.1.2,0,0
EPI_ISL_861198,B.1.2,0,0
n1357,B.1.2,0,0
EPI_ISL_1078925,B.1.2,0,0
EPI_ISL_955057,B.1.2,0,0
EPI_ISL_857122,B.1.2,0,0
EPI_ISL_1031958,B.1.2,0,0
n1358,B.1.2,0,0
n1359,B.1.2,0,0
n1360,B.1.2,0,0
n1361,B.1.2,0,0
EPI_ISL_832713,B.1.2,0,0
EPI_ISL_1064399,B.1.2,0,0
n1362,B.1.2,0,0
EPI_ISL_832479,B.1.2,0,0
EPI_ISL_905845,B.1.2,0,0
EPI_ISL_925202,B.1.2,0,0
EPI_ISL_790026,B.1.2,0,0
n1363,B.1.2,0,0
n1364,B.1.2,0,0
n1365,B.1.2,0,0
EPI_ISL_1076621,B.1.2,0,0
n1366,B.1.2,0,0
EPI_ISL_787046,B.1.2,0,0
EPI_ISL_784847,B.1.2,0,0
n1367,B.1.2,0,0
EPI_ISL_633099,B.1.2,0,0
EPI_ISL_830586,B.1.2,0,0
n1368,B.1.2,0,0
EPI_ISL_886452,B.1.2,0,0
EPI_ISL_1167987,B.1.2,0,0
n1369,B.1,0,0
EPI_ISL_1040052,B.1,0,0
n1370,B.1,0,0
EPI_ISL_1074306,B.1,0,0
n1371,B.1,0,0
n1372,B.1,0,0
n1373,B.1,0,0
EPI_ISL_1017221,B.1,0,0
n1374,B.1,0,0
EPI_ISL_1093984,B.1,0,0
n1375,B.1,0,0
EPI_ISL_1077703,B.1,0,0
EPI_ISL_1021708,B.1,0,0
n1376,B.1,0,0
n1377,B.1,0,0
n1378,B.1,0,0
EPI_ISL_628830,B.1,0,0
n1379,B.1,0,0
EPI_ISL_590711,B.1,0,0
n1380,B.1,0,0
EPI_ISL_596610,B.1,0,0
EPI_ISL_596601,B.1,0,0
EPI_ISL_667343,B.1,0,0
n1381,B.1,0,0
n1382,B.1,0,0
n1383,B.1,0,0
n1384,B.1,0,0
EPI_ISL_875930,B.1,0,0
EPI_ISL_872458,B.1,0,0
n1385,B.1,0,0
EPI_ISL_768456,B.1,0,0
n1386,B.1,0,0
EPI_ISL_768458,B.1,0,0
EPI_ISL_778940,B.1,0,0
n1387,B.1,0,0
EPI_ISL_1089126,B.1,0,0
EPI_ISL_966678,B.1,0,0
n1388,B.1,0,0
n1389,B.1,0,0
EPI_ISL_1077664,B.1,0,0
EPI_ISL_876886,B.1,0,0
EPI_ISL_1087964,B.1,0,0
n1390,B.1,0,0
EPI_ISL_1097758,B.1,0,0
n1391,B.1,0,0
EPI_ISL_1077378,B.1,0,0
n1392,B.1,0,0
EPI_ISL_1113684,B.1,0,0
EPI_ISL_708268,B.1,0,0
n1393,B.1,0,0
n1394,B.1,0,0
n1395,B.1,0,0
n1396,B.1,0,0
EPI_ISL_1098059,B.1,0,1
n1397,B.1,0,0
n1398,B.1,0,0
n1399,B.1,0,0
n1400,B.1,0,0
n1401,B.1,0,0
EPI_ISL_1098213,B.1,0,0
EPI_ISL_832979,B.1,0,0
n1402,B.1,0,0
n1403,B.1,0,0
EPI_ISL_1159038,B.1,0,0
n1404,B.1,0,0
n1405,B.1,0,0
n1406,B.1,0,0
EPI_ISL_832872,B.1,0,0
n1407,B.1,0,0
EPI_ISL_1163604,B.1,0,0
EPI_ISL_1163608,B.1,0,0
EPI_ISL_830331,B.1,0,0
n1408,B.1,0,0
n1409,B.1,0,0
EPI_ISL_983135,B.1,0,0
EPI_ISL_937036,B.1,0,0
n1410,B.1,0,0
n1411,B.1,0,0
EPI_ISL_754496,B.1,0,0
EPI_ISL_1038361,B.1,0,0
EPI_ISL_936107,B.1,0,0
EPI_ISL_1163412,B.1,0,0
n1412,B.1,0,0
EPI_ISL_981188,B.1,0,0
EPI_ISL_1139533,B.1,0,0
n1413,B.1,0,0
EPI_ISL_794263,B.1,0,0
EPI_ISL_857132,B.1,0,0
n1414,B.1,0,0
EPI_ISL_547783,B.1,0,0
EPI_ISL_803339,B.1,0,0
n1415,B.1,0,0
EPI_ISL_784818,B.1,0,0
EPI_ISL_1098054,B.1,0,0
n1416,B.1,0,0
n1417,B.1,0,0
n1418,B.1,0,0
EPI_ISL_786620,B.1,0,0
n1419,B.1,0,0
EPI_ISL_977048,B.1,0,0
n1420,B.1,0,0
n1421,B.1,0,0
n1422,B.1,0,1
n1423,B.1,0,1
n1424,B.1,0,1
n1425,B.1,0,1
EPI_ISL_936296,B.1,0,1
n1426,B.1,0,1
n1427,B.1,0,1
EPI_ISL_1098229,B.1,0,1
EPI_ISL_1098272,B.1,0,1
n1428,B.1,0,1
EPI_ISL_1041343,B.1,0,1
EPI_ISL_1098184,B.1,0,1
EPI_ISL_933761,B.1,0,1
EPI_ISL_1121877,B.1,0,0
EPI_ISL_1098336,B.1,0,1
EPI_ISL_966439,B.1,0,0
n1429,B.1,0,0
n1430,B.1,0,0
n1431,B.1,0,0
EPI_ISL_755207,B.1,0,0
EPI_ISL_644600,B.1,0,0
n1432,B.1,0,0
EPI_ISL_925222,B.1,0,0
EPI_ISL_886627,B.1,0,0
n1433,B.1.429,0,0
n1434,B.1.429,0,0
n1435,B.1.429,0,0
n1436,B.1.429,0,0
n1437,B.1.429,0,0
n1438,B.1.429,0,0
EPI_ISL_903465,B.1.429,0,0
EPI_ISL_962845,B.1.429,0,0
n1439,B.1.429,0,0
n1440,B.1.429,0,0
EPI_ISL_1163039,B.1.429,0,0
EPI_ISL_1139810,B.1.429,0,0
EPI_ISL_1030455,B.1.429,0,0
n1441,B.1.429,0,0
n1442,B.1.429,0,0
n1443,B.1.429,0,0
EPI_ISL_967437,B.1.429,0,0
EPI_ISL_955654,B.1.429,0,0
n1444,B.1.429,0,0
n1445,B.1.429,0,0
n1446,B.1.429,0,0
EPI_ISL_1069363,B.1.429,0,0
EPI_ISL_1076468,B.1.429,0,0
n1447,B.1.429,0,0
EPI_ISL_1038607,B.1.429,0,0
EPI_ISL_871860,B.1.429,0,0
EPI_ISL_1078088,B.1.429,0,0
n1448,B.1.429,0,0
EPI_ISL_1132292,B.1.429,0,0
EPI_ISL_1134325,B.1.429,0,0
n1449,B.1.429,0,0
n1450,B.1.429,0,0
n1451,B.1.429,0,0
n1452,B.1.429,0,0
EPI_ISL_832107,B.1.429,0,0
EPI_ISL_1081508,B.1.429,0,0
n1453,B.1.429,0,0
n1454,B.1.429,0,0
n1455,B.1.429,0,0
n1456,B.1.429,0,0
n1457,B.1.429,0,0
EPI_ISL_1139844,B.1.429,0,0
EPI_ISL_1087842,B.1.429,0,0
n1458,B.1.429,0,0
EPI_ISL_1088465,B.1.429,0,0
EPI_ISL_1088907,B.1.429,0,0
n1459,B.1.429,0,0
EPI_ISL_966470,B.1.429,0,0
EPI_ISL_1030419,B.1.429,0,0
n1460,B.1.429,0,0
EPI_ISL_885053,B.1.429,0,0
n1461,B.1.429,0,0
EPI_ISL_885116,B.1.429,0,0
EPI_ISL_912013,B.1.429,0,0
EPI_ISL_1139742,B.1.429,0,0
n1462,B.1.429,0,0
n1463,B.1.429,0,0
EPI_ISL_966633,B.1.429,0,0
n1464,B.1.429,0,0
EPI_ISL_1027595,B.1.429,0,0
n1465,B.1.429,0,0
n1466,B.1.429,0,0
n1467,B.1.429,0,0
n1468,B.1.429,0,0
EPI_ISL_1027625,B.1.429,0,0
EPI_ISL_903591,B.1.429,0,0
n1469,B.1.429,0,0
n1470,B.1.429,0,0
n1471,B.1.429,0,0
n1472,B.1.429,0,0
n1473,B.1.429,0,0
EPI_ISL_1098402,B.1.429,0,0
EPI_ISL_1136478,B.1.429,0,0
n1474,B.1.429,0,0
n1475,B.1.429,0,0
n1476,B.1.429,0,0
EPI_ISL_1077764,B.1.429,0,0
EPI_ISL_1079594,B.1.429,0,0
EPI_ISL_1038299,B.1.429,0,0
EPI_ISL_824562,B.1.429,0,0
n1477,B.1.429,0,0
n1478,B.1.429,0,0
EPI_ISL_1038502,B.1.429,0,0
EPI_ISL_1169782,B.1.429,0,0
n1479,B.1.429,0,0
EPI_ISL_1081221,B.1.429,0,0
n1480,B.1.429,0,0
EPI_ISL_861696,B.1.429,0,0
n1481,B.1.429,0,0
EPI_ISL_1055029,B.1.429,0,0
EPI_ISL_1032474,B.1.429,0,0
EPI_ISL_1139981,B.1.429,0,0
n1482,B.1.429,0,0
n1483,B.1.429,0,0
EPI_ISL_1114266,B.1.429,0,0
EPI_ISL_1094154,B.1.429,0,0
n1484,B.1.429,0,0
EPI_ISL_1167274,B.1.429,0,0
n1485,B.1.429,0,0
EPI_ISL_1134281,B.1.429,0,0
EPI_ISL_1088223,B.1.429,0,0
EPI_ISL_1139637,B.1.429,0,0
n1486,B.1.429,0,0
n1487,B.1.429,0,0
n1488,B.1.429,0,0
n1489,B.1.429,0,0
n1490,B.1.429,0,0
EPI_ISL_1021311,B.1.429,0,0
EPI_ISL_753606,B.1.429,0,0
EPI_ISL_914942,B.1.429,0,0
EPI_ISL_1136838,B.1.429,0,0
n1491,B.1.429,0,0
n1492,B.1.429,0,0
EPI_ISL_1017154,B.1.429,0,0
EPI_ISL_979657,B.1.429,0,0
n1493,B.1.429,0,0
EPI_ISL_983740,B.1.429,0,0
n1494,B.1.429,0,0
EPI_ISL_1038610,B.1.429,0,0
EPI_ISL_1163631,B.1.429,0,0
EPI_ISL_1139865,B.1.429,0,0
EPI_ISL_1136323,B.1.429,0,0
n1495,B.1.429,0,0
n1496,B.1.429,0,0
EPI_ISL_1049490,B.1.429,0,0
EPI_ISL_877132,B.1.429,0,0
n1497,B.1.429,0,0
n1498,B.1.429,0,0
n1499,B.1.429,0,0
n1500,B.1.429,0,0
n1501,B.1.429,0,0
n1502,B.1.429,0,0
EPI_ISL_962752,B.1.429,0,0
EPI_ISL_905779,B.1.429,0,0
EPI_ISL_882982,B.1.429,0,0
EPI_ISL_882979,B.1.429,0,0
EPI_ISL_1086808,B.1.429,0,0
n1503,B.1.429,0,0
n1504,B.1.429,0,0
n1505,B.1.429,0,0
n1506,B.1.429,0,0
n1507,B.1.429,0,0
n1508,B.1.429,0,0
EPI_ISL_1093842,B.1.429,0,0
n1509,B.1.429,0,0
EPI_ISL_877102,B.1.429,0,0
EPI_ISL_884929,B.1.429,0,0
n1510,B.1.429,0,0
EPI_ISL_1081192,B.1.429,0,0
EPI_ISL_984576,B.1.429,0,0
n1511,B.1.429,0,0
EPI_ISL_1087856,B.1.429,0,0
EPI_ISL_1139819,B.1.429,0,0
n1512,B.1.429,0,0
n1513,B.1.429,0,0
EPI_ISL_1136671,B.1.429,0,0
n1514,B.1.429,0,0
n1515,B.1.429,0,0
n1516,B.1.429,0,0
n1517,B.1.429,0,0
EPI_ISL_982670,B.1.429,0,0
EPI_ISL_906364,B.1.429,0,0
n1518,B.1.429,0,0
EPI_ISL_1038405,B.1.429,0,0
EPI_ISL_1081517,B.1.429,0,0
EPI_ISL_1088434,B.1.429,0,0
EPI_ISL_1088529,B.1.429,0,0
n1519,B.1.429,0,0
EPI_ISL_753543,B.1.429,0,0
EPI_ISL_833401,B.1.429,0,0
n1520,B.1.429,0,0
EPI_ISL_1027421,B.1.429,0,0
EPI_ISL_1027431,B.1.429,0,0
EPI_ISL_1139825,B.1.429,0,0
n1521,B.1.429,0,0
n1522,B.1.429,0,0
n1523,B.1.429,0,0
n1524,B.1.429,0,0
EPI_ISL_955699,B.1.429,0,0
EPI_ISL_984613,B.1.429,0,0
n1525,B.1.429,0,0
n1526,B.1.429,0,0
EPI_ISL_1049656,B.1.429,0,0
EPI_ISL_887883,B.1.429,0,0
EPI_ISL_1114233,B.1.429,0,0
n1527,B.1.429,0,0
EPI_ISL_833399,B.1.429,0,0
EPI_ISL_1087819,B.1.429,0,0
EPI_ISL_955686,B.1.429,0,0
n1528,B.1.429,0,0
n1529,B.1.429,0,0
EPI_ISL_792664,B.1.429,0,0
EPI_ISL_832383,B.1.429,0,0
n1530,B.1.429,0,0
n1531,B.1.429,0,0
n1532,B.1.429,0,0
EPI_ISL_850118,B.1.429,0,0
EPI_ISL_906353,B.1.429,0,0
EPI_ISL_832281,B.1.429,0,0
n1533,B.1.429,0,0
EPI_ISL_1078041,B.1.429,0,0
EPI_ISL_1076467,B.1.429,0,0
n1534,B.1.427,0,0
n1535,B.1.427,0,0
EPI_ISL_1094415,B.1.427,0,0
n1536,B.1.427,0,0
EPI_ISL_878202,B.1.427,0,0
EPI_ISL_962654,B.1.427,0,0
n1537,B.1.427,0,0
n1538,B.1.427,0,0
n1539,B.1.427,0,0
EPI_ISL_824576,B.1.427,0,0
n1540,B.1.427,0,0
n1541,B.1.427,0,0
n1542,B.1.427,0,0
n1543,B.1.427,0,0
n1544,B.1,0,0
n1545,B.1,0,0
EPI_ISL_1166869,B.1,0,0
EPI_ISL_1088286,B.1.427,0,0
EPI_ISL_914933,B.1,0,0
EPI_ISL_1139982,B.1.427,0,0
n1546,B.1.427,0,0
n1547,B.1.427,0,0
EPI_ISL_824620,B.1.427,0,0
n1548,B.1.427,0,0
EPI_ISL_1136536,B.1.427,0,0
EPI_ISL_1136202,B.1.427,0,0
EPI_ISL_1093990,B.1.427,0,0
n1549,B.1.427,0,0
n1550,B.1.427,0,0
EPI_ISL_803059,B.1.427,0,0
EPI_ISL_915236,B.1.427,0,0
n1551,B.1.427,0,0
EPI_ISL_1087997,B.1.427,0,0
EPI_ISL_1158977,LowFreq,0,0
n1552,B.1.427,0,0
EPI_ISL_1038488,B.1.427,0,0
EPI_ISL_1167241,B.1.427,0,0
n1553,B.1.427,0,0
n1554,B.1.427,0,0
EPI_ISL_1038625,B.1.427,0,0
n1555,B.1.427,0,0
n1556,B.1.427,0,0
EPI_ISL_931579,B.1.427,0,0
n1557,B.1.427,0,0
EPI_ISL_1093916,B.1.427,0,0
EPI_ISL_1098806,B.1,0,0
EPI_ISL_915256,B.1.427,0,0
n1558,B.1.427,0,0
EPI_ISL_962712,B.1.427,0,0
EPI_ISL_1086625,B.1.427,0,0
n1559,B.1.427,0,0
n1560,B.1.427,0,0
n1561,B.1.427,0,0
EPI_ISL_1090953,B.1,0,0
EPI_ISL_1110109,B.1.427,0,0
n1562,B.1.427,0,0
EPI_ISL_905923,B.1.427,0,0
n1563,B.1.427,0,0
n1564,B.1.427,0,0
n1565,B.1.427,0,0
EPI_ISL_1086721,B.1.427,0,0
EPI_ISL_978571,B.1.427,0,0
n1566,B.1.427,0,0
n1567,B.1.427,0,0
n1568,B.1.427,0,0
EPI_ISL_1086715,B.1.427,0,0
EPI_ISL_979095,B.1.427,0,0
EPI_ISL_1139959,B.1.427,0,0
EPI_ISL_1090449,B.1,0,0
EPI_ISL_884988,B.1.427,0,0
EPI_ISL_730353,B.1.427,0,0
n1569,B.1,0,0
EPI_ISL_903639,B.1,0,0
n1570,B.1,0,0
EPI_ISL_1132729,B.1,0,0
n1571,B.1,0,0
n1572,B.1,0,0
n1573,B.1,0,0
EPI_ISL_755607,B.1,0,0
EPI_ISL_802675,B.1,0,0
n1574,B.1,0,0
EPI_ISL_1049221,B.1,0,0
EPI_ISL_1049222,B.1,0,0
EPI_ISL_967466,B.1,0,0
n1575,B.1,1,0
EPI_ISL_1164793,B.1,1,0
EPI_ISL_1036882,B.1,1,0
n1576,B.1,0,0
n1577,B.1,0,0
n1578,B.1,0,0
n1579,B.1,0,0
n1580,B.1,0,0
n1581,B.1,0,0
n1582,B.1,0,0
n1583,B.1,0,0
EPI_ISL_913544,B.1,0,0
EPI_ISL_903258,B.1,0,0
EPI_ISL_1164906,B.1,0,0
EPI_ISL_568679,B.1,0,0
n1584,B.1,1,1
n1585,B.1.526,1,1
n1586,B.1.526,1,1
EPI_ISL_1098472,B.1.526,1,1
n1587,B.1.526,1,1
EPI_ISL_1041884,B.1.526,1,1
EPI_ISL_994844,B.1.526,1,1
n1588,B.1.526,1,1
n1589,B.1.526,1,1
n1590,B.1.526,1,1
EPI_ISL_994911,B.1.526,1,1
EPI_ISL_1137005,B.1.526,1,1
n1591,B.1.526,1,1
n1592,B.1.526,1,1
EPI_ISL_995037,B.1.526,1,1
EPI_ISL_995041,B.1.526,1,1
n1593,B.1.526,1,1
n1594,B.1,1,1
EPI_ISL_1116524,B.1,1,1
EPI_ISL_995095,B.1,1,1
n1595,B.1.526,1,1
n1596,B.1.526,1,1
EPI_ISL_1098532,B.1.526,1,1
n1597,B.1.526,1,1
EPI_ISL_1041283,B.1.526,1,1
EPI_ISL_1098400,B.1.526,1,1
n1598,B.1.526,1,1
n1599,B.1.526,1,1
n1600,B.1.526,1,1
n1601,B.1.526,1,1
n1602,B.1.526,1,1
n1603,B.1.526,1,1
EPI_ISL_994946,B.1.526,1,1
n1604,B.1.526,1,1
n1605,B.1.526,1,1
n1606,B.1.526,1,1
EPI_ISL_1041675,B.1.526,1,1
EPI_ISL_1098325,B.1.526,1,1
EPI_ISL_1064862,B.1,1,1
EPI_ISL_1016183,B.1.526,1,1
n1607,B.1.526,1,1
EPI_ISL_1016206,B.1.526,1,1
n1608,B.1.526,1,1
EPI_ISL_1116516,B.1.526,1,1
EPI_ISL_994819,B.1.526,1,1
EPI_ISL_1121893,B.1.526,1,1
EPI_ISL_1098128,B.1.526,1,1
EPI_ISL_1064832,B.1.526,1,1
EPI_ISL_1041239,B.1.526,1,1
n1609,B.1.526,1,1
EPI_ISL_1121900,B.1.526,1,1
EPI_ISL_1121947,B.1.526,1,1
n1610,B.1,1,1
n1611,B.1,1,1
n1612,B.1,1,1
n1613,B.1,1,1
n1614,B.1,1,1
EPI_ISL_1016269,B.1,1,1
EPI_ISL_1098247,B.1,1,1
n1615,B.1,1,1
EPI_ISL_995094,B.1,1,1
n1616,B.1,1,1
EPI_ISL_1121851,B.1,1,1
EPI_ISL_1114499,B.1,1,1
EPI_ISL_1041469,B.1,1,1
EPI_ISL_1041457,B.1,1,1
n1617,B.1,1,1
EPI_ISL_1064820,B.1,1,1
EPI_ISL_1121956,B.1,1,1
n1618,B.1,0,0
n1619,B.1,0,0
EPI_ISL_978140,B.1,0,0
n1620,B.1,0,0
EPI_ISL_582953,B.1,0,0
n1621,B.1,0,0
EPI_ISL_779338,B.1,0,0
EPI_ISL_1157461,B.1,0,0
n1622,B.1,0,0
n1623,B.1,0,0
EPI_ISL_985261,B.1,0,0
n1624,B.1,0,0
n1625,B.1,0,0
EPI_ISL_877481,B.1,0,0
n1626,B.1,0,0
EPI_ISL_1009502,B.1,0,0
n1627,B.1,0,0
EPI_ISL_1009440,B.1,0,0
EPI_ISL_1031927,B.1,0,0
n1628,B.1,0,0
EPI_ISL_883908,B.1,0,0
EPI_ISL_876493,B.1,0,0
EPI_ISL_790375,B.1,0,0
n1629,B.1,0,0
n1630,B.1,0,0
EPI_ISL_941250,B.1,0,0
n1631,B.1,0,0
EPI_ISL_677173,B.1,0,0
n1632,B.1,0,0
n1633,B.1,0,0
n1634,B.1,0,0
EPI_ISL_710090,B.1,0,0
EPI_ISL_751559,B.1,0,0
n1635,B.1,0,0
EPI_ISL_832777,B.1,0,0
EPI_ISL_1171052,B.1,0,0
EPI_ISL_936584,B.1,0,0
n1636,B.1,0,0
n1637,B.1,0,0
EPI_ISL_877532,B.1,0,0
EPI_ISL_1136055,B.1,0,0
EPI_ISL_823972,B.1,0,0
n1638,B.1,0,0
n1639,B.1,0,0
n1640,B.1,0,0
n1641,B.1,0,0
EPI_ISL_770120,B.1,0,0
EPI_ISL_978409,B.1,0,0
n1642,B.1,0,0
n1643,B.1,0,0
n1644,B.1,0,0
n1645,B.1,0,0
n1646,B.1,0,0
EPI_ISL_888503,B.1,0,0
n1647,B.1,0,0
EPI_ISL_983164,B.1,0,0
EPI_ISL_791385,B.1,0,0
EPI_ISL_1159344,B.1,0,0
n1648,B.1,0,0
n1649,B.1,0,0
EPI_ISL_943904,B.1,0,0
n1650,B.1,0,0
n1651,B.1,0,0
n1652,B.1,0,0
EPI_ISL_888657,B.1,0,0
EPI_ISL_1097387,B.1,0,0
n1653,B.1,0,0
n1654,B.1,0,0
n1655,B.1,0,0
EPI_ISL_1049947,B.1,0,0
EPI_ISL_1095001,B.1,0,0
EPI_ISL_936052,B.1,0,0
EPI_ISL_883815,B.1,0,0
EPI_ISL_981179,B.1,0,0
n1656,B.1,0,0
n1657,B.1,0,0
n1658,B.1,0,0
n1659,B.1,0,0
n1660,B.1,0,0
EPI_ISL_903840,B.1,0,0
EPI_ISL_1076101,B.1,0,0
n1661,B.1,0,0
n1662,B.1,0,0
n1663,B.1,0,0
n1664,B.1,0,0
EPI_ISL_979779,B.1,0,0
n1665,B.1,0,0
EPI_ISL_739000,B.1,0,0
EPI_ISL_955549,B.1,0,0
EPI_ISL_955557,B.1,0,0
EPI_ISL_979792,B.1,0,0
EPI_ISL_979775,B.1,0,0
n1666,B.1,0,0
EPI_ISL_979164,B.1,0,0
EPI_ISL_979772,B.1,0,0
EPI_ISL_955525,B.1,0,0
n1667,B.1,0,0
EPI_ISL_824392,B.1,0,0
EPI_ISL_1160975,B.1,0,0
EPI_ISL_980940,B.1,0,0
EPI_ISL_955757,B.1,0,0
n1668,B.1,0,0
EPI_ISL_832949,B.1,0,0
n1669,B.1,0,0
EPI_ISL_861224,B.1,0,0
EPI_ISL_1095167,B.1,0,0
EPI_ISL_1136724,B.1,0,0
EPI_ISL_1137077,B.1,0,0
n1670,B.1,0,0
EPI_ISL_888017,B.1,0,0
n1671,B.1,0,0
n1672,B.1,0,0
n1673,B.1,0,0
n1674,B.1,0,0
EPI_ISL_1009544,B.1,0,0
EPI_ISL_739621,B.1,0,0
n1675,B.1,0,0
n1676,B.1,0,0
EPI_ISL_1097951,B.1,0,0
EPI_ISL_941911,B.1,0,0
EPI_ISL_1048597,B.1,0,0
n1677,B.1,0,0
EPI_ISL_832912,B.1,0,0
EPI_ISL_1089032,B.1,0,0
n1678,B.1,0,0
n1679,B.1,0,0
EPI_ISL_1137173,B.1,0,0
EPI_ISL_830613,B.1,0,0
n1680,B.1,0,0
n1681,B.1,0,0
EPI_ISL_784603,B.1,0,0
EPI_ISL_786070,B.1,0,0
n1682,B.1,0,0
EPI_ISL_876218,B.1,0,0
n1683,B.1,0,0
EPI_ISL_755406,B.1,0,0
EPI_ISL_1087892,B.1,0,0
EPI_ISL_661116,B.1,0,0
n1684,B.1,0,0
n1685,B.1,0,0
n1686,B.1,0,0
n1687,B.1,0,0
n1688,B.1,0,0
EPI_ISL_1016402,B.1,0,0
n1689,B.1,0,0
EPI_ISL_1122182,B.1,0,0
n1690,B.1,0,0
EPI_ISL_849622,B.1,0,0
EPI_ISL_776718,B.1,0,0
n1691,B.1,0,0
n1692,B.1,0,0
n1693,B.1,0,0
n1694,B.1,0,0
n1695,B.1,0,0
EPI_ISL_683722,B.1,0,0
EPI_ISL_605630,B.1,0,0
EPI_ISL_605697,B.1,0,0
n1696,B.1,0,0
EPI_ISL_631494,B.1,0,0
EPI_ISL_605604,B.1,0,0
n1697,B.1,0,0
EPI_ISL_785876,B.1,0,0
EPI_ISL_913696,B.1,0,0
n1698,B.1,0,0
n1699,B.1,0,0
EPI_ISL_790079,B.1,0,0
n1700,B.1,0,0
n1701,B.1,0,0
EPI_ISL_610063,B.1,0,0
EPI_ISL_682209,B.1,0,0
EPI_ISL_784057,B.1,0,0
n1702,B.1,0,0
n1703,B.1,0,0
n1704,B.1,0,0
n1705,B.1,0,0
n1706,B.1,0,0
EPI_ISL_765766,B.1,0,0
EPI_ISL_765867,B.1,0,0
n1707,B.1,0,0
EPI_ISL_765659,B.1,0,0
EPI_ISL_692921,B.1,0,0
EPI_ISL_765730,B.1,0,0
EPI_ISL_667403,B.1,0,0
EPI_ISL_614089,B.1,0,0
n1708,B.1,0,0
EPI_ISL_784685,B.1,0,0
EPI_ISL_1076099,B.1,0,0
n1709,B.1,0,0
EPI_ISL_1020539,B.1,0,0
EPI_ISL_632977,B.1,0,0
n1710,B.1,0,0
EPI_ISL_732826,B.1,0,0
n1711,B.1,0,0
n1712,B.1,0,0
EPI_ISL_784178,B.1,0,0
EPI_ISL_677519,B.1,0,0
n1713,B.1,0,0
EPI_ISL_746267,B.1,0,0
EPI_ISL_1090967,B.1,0,0
n1714,B.1,0,0
n1715,B.1,0,0
n1716,B.1,0,0
n1717,B.1,0,0
EPI_ISL_1086538,B.1,0,0
EPI_ISL_915212,B.1,0,0
n1718,B.1,0,0
n1719,B.1,0,0
n1720,B.1,0,0
EPI_ISL_1161192,B.1,0,0
EPI_ISL_1161193,B.1,0,0
EPI_ISL_877519,B.1,0,0
EPI_ISL_1074498,B.1,0,0
EPI_ISL_753635,B.1,0,0
EPI_ISL_677178,B.1,0,0
n1721,B.1,0,0
n1722,B.1,0,0
n1723,B.1,0,0
n1724,B.1,0,0
n1725,B.1,0,0
EPI_ISL_1098236,B.1,0,0
n1726,B.1,0,0
EPI_ISL_906378,B.1,0,0
EPI_ISL_860938,B.1,0,0
EPI_ISL_861974,B.1,0,0
EPI_ISL_889500,B.1,0,0
n1727,B.1.2,0,0
EPI_ISL_1077328,B.1.2,0,0
EPI_ISL_1074875,B.1.2,0,0
n1728,B.1,0,0
n1729,B.1,0,0
n1730,B.1,0,0
EPI_ISL_801954,B.1,0,0
EPI_ISL_790169,B.1,0,0
n1731,B.1,0,0
EPI_ISL_876036,B.1,0,0
EPI_ISL_937049,B.1,0,0
n1732,B.1,0,0
EPI_ISL_1060016,B.1,0,0
EPI_ISL_994944,B.1,0,0
n1733,B.1.2,0,0
EPI_ISL_753311,B.1.2,0,0
EPI_ISL_1080065,B.1.2,0,0
n1734,B.1,0,0
n1735,B.1,0,0
n1736,B.1,0,0
EPI_ISL_1079219,B.1,0,0
EPI_ISL_1079194,B.1.2,0,0
EPI_ISL_784729,B.1,0,0
EPI_ISL_1078736,B.1,0,0
n1737,B.1,0,0
EPI_ISL_794292,B.1,0,0
n1738,B.1,0,0
n1739,B.1,0,0
n1740,B.1,0,0
EPI_ISL_660871,B.1,0,0
n1741,B.1,0,0
n1742,B.1,0,0
n1743,B.1,0,0
EPI_ISL_677143,B.1,0,0
EPI_ISL_677382,B.1,0,0
EPI_ISL_1067938,B.1,0,0
n1744,B.1,0,0
n1745,B.1,0,0
EPI_ISL_914873,B.1,0,0
EPI_ISL_1054890,B.1,0,0
n1746,B.1,0,0
n1747,B.1,0,0
n1748,B.1,0,0
n1749,B.1,0,0
n1750,B.1,0,0
EPI_ISL_631441,B.1,0,0
EPI_ISL_803203,B.1,0,0
n1751,B.1,0,0
EPI_ISL_942064,B.1,0,0
EPI_ISL_803259,B.1,0,0
EPI_ISL_631449,B.1,0,0
EPI_ISL_984196,B.1,0,0
n1752,B.1,0,0
EPI_ISL_803703,B.1,0,0
n1753,B.1,0,0
EPI_ISL_547775,B.1,0,0
EPI_ISL_660795,B.1,0,0
n1754,B.1,0,0
n1755,B.1,0,0
n1756,B.1,0,0
EPI_ISL_803463,B.1,0,0
EPI_ISL_803583,B.1,0,0
EPI_ISL_536731,B.1,0,0
n1757,B.1,0,0
n1758,B.1,0,0
n1759,B.1,0,0
n1760,B.1,0,0
EPI_ISL_903281,B.1,0,0
EPI_ISL_984586,B.1,0,0
n1761,B.1,0,0
EPI_ISL_984562,B.1,0,0
EPI_ISL_783777,B.1,0,0
n1762,B.1,0,0
EPI_ISL_942672,B.1,0,0
EPI_ISL_634856,B.1,0,0
n1763,B.1,0,0
n1764,B.1,0,0
n1765,B.1,0,0
EPI_ISL_708357,B.1,0,0
EPI_ISL_804782,B.1,0,0
EPI_ISL_903334,B.1,0,0
n1766,B.1,0,0
n1767,B.1,0,0
EPI_ISL_778904,B.1,0,0
EPI_ISL_942616,B.1,0,0
EPI_ISL_1088524,B.1,0,0
EPI_ISL_936777,B.1,0,0
n1768,B.1,0,0
n1769,B.1,0,0
n1770,B.1,0,0
n1771,B.1,0,0
EPI_ISL_911786,B.1,0,0
EPI_ISL_629065,B.1,0,0
EPI_ISL_1111565,B.1,0,0
n1772,B.1,0,0
EPI_ISL_903683,B.1,0,0
EPI_ISL_981115,B.1,0,0
n1773,B.1,0,0
n1774,B.1,0,0
n1775,B.1,0,0
n1776,B.1,0,0
n1777,B.1,0,0
n1778,B.1,0,0
n1779,B.1,0,0
EPI_ISL_1039541,B.1,0,0
n1780,B.1,0,0
n1781,B.1,0,0
EPI_ISL_1038447,B.1,0,0
n1782,B.1,0,0
n1783,B.1,0,0
EPI_ISL_1049321,B.1,0,0
EPI_ISL_1139420,B.1,0,0
n1784,B.1,0,0
n1785,B.1,0,0
EPI_ISL_1017093,B.1,0,0
EPI_ISL_956354,B.1,0,0
EPI_ISL_1076311,B.1,0,0
EPI_ISL_739276,B.1,0,0
EPI_ISL_1090375,B.1,0,0
n1786,B.1,0,0
n1787,B.1,0,0
EPI_ISL_660805,B.1,0,0
n1788,B.1,0,0
n1789,B.1,0,0
n1790,B.1,0,0
EPI_ISL_755031,B.1,0,0
EPI_ISL_955570,B.1,0,0
n1791,B.1,0,0
EPI_ISL_837536,B.1,0,0
n1792,B.1,0,0
EPI_ISL_681804,B.1,0,0
EPI_ISL_812180,B.1,0,0
EPI_ISL_1090581,B.1,0,0
n1793,B.1,0,0
n1794,B.1,0,0
EPI_ISL_683951,B.1,0,0
n1795,B.1,0,0
n1796,B.1,0,0
n1797,B.1,0,0
EPI_ISL_1075199,B.1,0,0
EPI_ISL_1076212,B.1.2,0,0
EPI_ISL_753290,B.1,0,0
EPI_ISL_967795,B.1,0,0
n1798,B.1,0,0
EPI_ISL_1079499,B.1,0,0
EPI_ISL_753328,B.1,0,0
n1799,B.1,0,0
EPI_ISL_739421,B.1,0,0
n1800,B.1,0,0
EPI_ISL_790383,B.1,0,0
n1801,B.1,0,0
n1802,B.1,0,0
n1803,B.1,0,0
EPI_ISL_824973,B.1,0,0
EPI_ISL_1074546,B.1,0,0
EPI_ISL_791391,B.1,0,0
n1804,B.1,0,0
EPI_ISL_1017169,B.1,0,0
n1805,B.1,0,0
EPI_ISL_954983,B.1,0,0
EPI_ISL_786516,B.1,0,0
n1806,B.1,0,0
n1807,B.1,0,0
n1808,LowFreq,0,1
EPI_ISL_876662,LowFreq,0,1
n1809,LowFreq,0,1
n1810,LowFreq,0,1
EPI_ISL_806807,LowFreq,0,0
EPI_ISL_1041669,LowFreq,0,1
EPI_ISL_1080314,LowFreq,0,1
EPI_ISL_884063,B.1,0,0
n1811,B.1,0,0
EPI_ISL_683830,B.1,0,0
n1812,B.1,0,0
n1813,B.1,0,0
n1814,B.1,0,0
EPI_ISL_936608,B.1,0,0
n1815,B.1,0,0
EPI_ISL_936779,B.1,0,0
EPI_ISL_1029887,B.1,0,0
n1816,B.1,0,0
n1817,B.1,0,0
EPI_ISL_1078879,B.1,0,0
n1818,B.1,0,0
n1819,B.1,0,0
EPI_ISL_803491,B.1,0,0
EPI_ISL_677453,B.1,0,0
n1820,B.1,0,0
n1821,B.1,0,0
n1822,B.1,0,0
EPI_ISL_728077,B.1,0,0
n1823,B.1,0,0
EPI_ISL_660980,B.1,0,0
EPI_ISL_660893,B.1,0,0
n1824,B.1,0,0
EPI_ISL_661005,B.1,0,0
EPI_ISL_913718,B.1,0,0
EPI_ISL_803782,B.1,0,0
EPI_ISL_784571,B.1,0,0
n1825,B.1.1.222,0,0
n1826,B.1.1.222,0,0
n1827,B.1.1.222,0,0
n1828,B.1.1.222,0,0
n1829,B.1.1.222,0,0
EPI_ISL_1113896,B.1.1.222,0,0
n1830,B.1.1.222,0,0
n1831,B.1.1.222,0,0
n1832,B.1.1.222,0,0
n1833,B.1.1.222,0,0
EPI_ISL_1113944,B.1.1.222,0,0
EPI_ISL_1088292,B.1.1.222,0,0
n1834,B.1.1.222,0,0
EPI_ISL_1076849,B.1.1.222,0,0
n1835,B.1,0,0
EPI_ISL_1133835,B.1,0,0
EPI_ISL_1113964,B.1,0,0
EPI_ISL_1139615,B.1.1.222,0,0
n1836,B.1.1.222,0,0
EPI_ISL_1079714,B.1.1.222,0,0
EPI_ISL_1097537,B.1.1.222,0,0
n1837,B.1.1.222,0,0
n1838,B.1.1.222,0,0
n1839,B.1.1.222,0,0
EPI_ISL_1032379,B.1.1.222,0,0
n1840,B.1.1.222,0,0
EPI_ISL_1086285,B.1.1.222,0,0
EPI_ISL_1088262,B.1.1.222,0,0
n1841,B.1.1.222,0,0
EPI_ISL_1114098,B.1.1.222,0,0
n1842,B.1.1.222,0,0
EPI_ISL_1161215,B.1.1.222,0,0
n1843,B.1.1.222,0,0
n1844,B.1.1.222,0,0
EPI_ISL_1079972,B.1.1.222,0,0
EPI_ISL_1079377,B.1.1.222,0,0
EPI_ISL_1089020,B.1.1.222,0,0
n1845,B.1.1.222,0,0
EPI_ISL_1054888,B.1.1.222,0,0
n1846,B.1.1.222,0,0
n1847,B.1.1.222,0,0
EPI_ISL_1161134,B.1.1.222,0,0
EPI_ISL_1038692,B.1.1.222,0,0
n1848,B.1.1.222,0,0
EPI_ISL_1021955,B.1.1.222,0,0
EPI_ISL_1021956,B.1.1.222,0,0
EPI_ISL_1075488,B.1.1.222,0,0
n1849,B.1.1.222,0,0
EPI_ISL_1077178,B.1.1.222,0,0
EPI_ISL_1094652,B.1.1.222,0,0
n1850,B.1.1.222,0,0
n1851,B.1.1.222,0,0
n1852,B.1.1.222,0,0
n1853,B.1.1.222,0,0
n1854,B.1.1.222,0,0
n1855,B.1.1.222,0,0
EPI_ISL_1093803,B.1.1.222,0,0
EPI_ISL_1121068,B.1.1.222,0,0
n1856,B.1.1.222,0,0
EPI_ISL_1079067,B.1.1.222,0,0
n1857,B.1.1.222,0,0
EPI_ISL_666971,B.1.1.222,0,0
n1858,B.1.1.222,0,0
n1859,B.1.1.222,0,0
EPI_ISL_855400,B.1.1.222,0,0
EPI_ISL_978979,B.1.1.222,0,0
EPI_ISL_1136898,B.1.1.222,0,0
n1860,B.1,0,0
EPI_ISL_787083,B.1,0,0
n1861,B.1,0,0
n1862,B.1,0,0
EPI_ISL_936454,B.1,0,0
EPI_ISL_962635,B.1,0,0
n1863,B.1,0,0
n1864,B.1,0,0
EPI_ISL_1139558,B.1,0,0
n1865,B.1,0,0
n1866,B.1,0,0
EPI_ISL_1087722,B.1,0,0
n1867,B.1,0,0
EPI_ISL_982493,B.1,0,0
EPI_ISL_995150,B.1,0,0
EPI_ISL_1121865,LowFreq,0,0
EPI_ISL_1121777,B.1,0,0
n1868,B.1.1.222,0,0
EPI_ISL_771331,B.1.1.222,0,0
EPI_ISL_753504,B.1.1.222,0,0
n1869,B.1.1.222,0,0
EPI_ISL_1079044,B.1.1.222,0,0
EPI_ISL_739011,B.1.1.222,0,0
EPI_ISL_753364,B.1.1.222,0,0
n1870,B.1,0,0
n1871,B.1,0,0
EPI_ISL_723126,B.1,0,0
EPI_ISL_654701,B.1,0,0
EPI_ISL_654712,B.1,0,0
n1872,B.1,0,0
n1873,B.1,0,0
n1874,B.1,0,0
EPI_ISL_1040106,B.1,0,0
EPI_ISL_1040115,B.1,0,0
EPI_ISL_1040087,B.1,0,0
n1875,B.1,0,0
n1876,B.1,0,0
EPI_ISL_806887,B.1,0,0
EPI_ISL_791440,B.1,0,0
n1877,B.1,0,0
n1878,B.1,0,0
n1879,B.1,0,0
n1880,B.1,0,0
n1881,B.1,0,0
n1882,B.1,0,0
EPI_ISL_1060663,B.1,0,0
EPI_ISL_1074972,B.1,0,0
n1883,B.1,0,0
n1884,B.1,0,0
n1885,B.1,0,0
n1886,B.1,0,0
n1887,B.1,0,0
EPI_ISL_753276,B.1,0,0
n1888,B.1,0,0
n1889,B.1,0,0
EPI_ISL_739222,B.1,0,0
EPI_ISL_739614,B.1,0,0
EPI_ISL_738746,B.1,0,0
EPI_ISL_753306,B.1,0,0
n1890,B.1,0,0
n1891,B.1,0,0
EPI_ISL_962122,B.1,0,0
EPI_ISL_878426,B.1,0,0
n1892,B.1,0,0
EPI_ISL_1078850,B.1,0,0
EPI_ISL_824877,B.1,0,0
n1893,B.1,0,0
EPI_ISL_787926,B.1,0,0
n1894,B.1,0,0
n1895,B.1,0,0
EPI_ISL_937245,B.1,0,0
n1896,B.1,0,0
EPI_ISL_1030161,B.1,0,0
n1897,B.1,0,0
EPI_ISL_857108,B.1,0,0
EPI_ISL_823957,B.1,0,0
EPI_ISL_787071,B.1,0,0
n1898,B.1,0,0
EPI_ISL_789761,B.1,0,0
n1899,B.1,0,0
EPI_ISL_914869,B.1,0,0
n1900,B.1,0,0
EPI_ISL_1075005,B.1,0,0
EPI_ISL_710365,B.1,0,0
n1901,B.1,0,0
n1902,B.1,0,0
EPI_ISL_1022152,B.1,0,0
EPI_ISL_754575,B.1,0,0
EPI_ISL_883416,B.1,0,0
EPI_ISL_747087,B.1,0,0
n1903,B.1,0,0
n1904,B.1,0,0
n1905,B.1,0,0
n1906,B.1,0,0
n1907,B.1,0,0
n1908,B.1,0,0
n1909,B.1,0,0
n1910,B.1,0,0
n1911,B.1,0,0
n1912,B.1,0,0
EPI_ISL_1094434,B.1,0,0
EPI_ISL_754511,B.1,0,0
EPI_ISL_830718,B.1,0,0
n1913,B.1,0,0
EPI_ISL_802253,B.1,0,0
n1914,B.1,0,0
EPI_ISL_1041362,B.1,0,0
EPI_ISL_794132,B.1,0,0
n1915,B.1,0,0
n1916,B.1,0,0
n1917,B.1,0,0
EPI_ISL_823944,B.1,0,0
EPI_ISL_1090573,B.1,0,0
n1918,B.1,0,0
EPI_ISL_1029942,B.1,0,0
EPI_ISL_1097874,B.1,0,0
n1919,B.1,0,0
n1920,B.1,0,0
n1921,B.1,0,0
n1922,B.1,0,0
n1923,B.1,0,0
n1924,B.1,0,0
n1925,B.1,0,0
EPI_ISL_984846,B.1,0,0
n1926,B.1,0,0
EPI_ISL_1015682,B.1,0,0
n1927,B.1,0,0
EPI_ISL_1041620,B.1,0,0
EPI_ISL_883391,B.1,0,0
EPI_ISL_832288,B.1,0,0
EPI_ISL_857280,B.1,0,0
EPI_ISL_896427,B.1,0,0
n1928,B.1,0,0
EPI_ISL_1016395,B.1,0,0
EPI_ISL_936127,B.1,0,0
EPI_ISL_824325,B.1,0,0
EPI_ISL_755361,B.1,0,0
n1929,B.1,0,0
EPI_ISL_640181,B.1,0,0
EPI_ISL_650056,B.1,0,0
EPI_ISL_790154,B.1,0,0
EPI_ISL_790095,B.1,0,0
EPI_ISL_614128,B.1,0,0
n1930,B.1,0,0
EPI_ISL_925150,B.1,0,0
EPI_ISL_804035,B.1,0,0
n1931,B.1,0,0
n1932,B.1,0,0
n1933,B.1,0,0
n1934,LowFreq,0,0
n1935,LowFreq,0,0
n1936,LowFreq,0,0
EPI_ISL_1030212,LowFreq,0,0
EPI_ISL_936986,LowFreq,0,0
n1937,LowFreq,0,0
EPI_ISL_1017760,LowFreq,0,0
n1938,LowFreq,0,0
EPI_ISL_1040011,LowFreq,0,0
EPI_ISL_1030181,LowFreq,0,0
n1939,LowFreq,0,0
EPI_ISL_1163201,LowFreq,0,0
EPI_ISL_896284,LowFreq,0,0
EPI_ISL_1097913,B.1,0,0
n1940,B.1,0,0
EPI_ISL_1061282,LowFreq,1,0
EPI_ISL_803346,B.1,0,0
n1941,B.1,0,0
EPI_ISL_739550,B.1,0,0
n1942,B.1,0,0
EPI_ISL_734285,B.1,0,0
n1943,B.1,0,0
EPI_ISL_869226,B.1,0,0
EPI_ISL_930645,B.1,0,0
n1944,B.1,0,0
EPI_ISL_786803,B.1,0,0
n1945,B.1,0,0
EPI_ISL_1163390,B.1,0,0
n1946,B.1.1.7,1,1
EPI_ISL_1097824,B.1.1.7,1,1
n1947,B.1.1.7,1,1
n1948,B.1.1.7,1,1
n1949,B.1.1.7,1,1
EPI_ISL_983660,B.1.1.7,1,0
EPI_ISL_966526,B.1.1.7,1,1
n1950,B.1.1.7,1,1
n1951,B.1.1.7,1,1
EPI_ISL_902969,B.1.1.7,1,1
EPI_ISL_1091972,B.1.1.7,1,1
n1952,B.1.1.7,1,0
n1953,B.1.1.7,1,0
n1954,B.1.1.7,1,0
EPI_ISL_1121243,B.1.1.7,1,0
EPI_ISL_1041455,B.1.1.7,1,0
EPI_ISL_850614,B.1.1.7,1,1
n1955,B.1.1.7,1,0
n1956,B.1.1.7,1,0
EPI_ISL_883428,B.1.1.7,1,0
EPI_ISL_1098477,B.1.1.7,1,0
n1957,B.1.1.7,1,0
EPI_ISL_1169644,B.1.1.7,1,0
EPI_ISL_1008921,B.1.1.7,1,0
n1958,B.1.1.7,1,1
EPI_ISL_1081093,B.1.1.7,1,1
n1959,B.1.1.7,1,1
n1960,B.1.1.7,1,1
n1961,B.1.1.7,1,1
n1962,B.1.1.7,1,1
EPI_ISL_955896,B.1.1.7,1,1
EPI_ISL_955893,B.1.1.7,1,1
EPI_ISL_911531,B.1.1.7,1,1
EPI_ISL_1081077,B.1.1.7,1,1
n1963,B.1.1.7,1,1
n1964,B.1.1.7,1,1
n1965,B.1.1.7,0,1
EPI_ISL_1009733,B.1.1.7,0,1
n1966,B.1.1.7,0,1
EPI_ISL_1016706,B.1.1.7,1,1
n1967,B.1.1.7,0,0
EPI_ISL_1058743,B.1.1.7,0,0
EPI_ISL_1158198,B.1.1.7,0,0
n1968,B.1.1.7,1,1
n1969,B.1.1.7,1,1
n1970,B.1.1.7,1,1
n1971,B.1.1.7,1,1
EPI_ISL_1016736,B.1.1.7,1,1
n1972,B.1.1.7,1,1
n1973,B.1.1.7,1,1
n1974,B.1.1.7,1,1
n1975,B.1.1.7,1,1
EPI_ISL_1081086,B.1.1.7,1,1
EPI_ISL_802643,B.1.1.7,1,1
EPI_ISL_1036704,B.1.1.7,1,1
n1976,B.1.1.7,1,1
n1977,B.1.1.7,1,1
n1978,B.1.1.7,1,1
EPI_ISL_884591,B.1.1.7,1,1
EPI_ISL_1081087,B.1.1.7,1,1
n1979,B.1.1.7,1,1
n1980,B.1.1.7,1,1
EPI_ISL_1016719,B.1.1.7,1,1
EPI_ISL_850651,B.1.1.7,1,1
EPI_ISL_1016757,B.1.1.7,1,1
n1981,B.1.1.7,1,1
EPI_ISL_1132195,B.1.1.7,1,1
EPI_ISL_1132206,B.1.1.7,1,1
EPI_ISL_1016693,B.1.1.7,1,1
EPI_ISL_884580,B.1.1.7,1,1
n1982,B.1.1.7,1,1
EPI_ISL_802618,B.1.1.7,1,1
EPI_ISL_850690,B.1.1.7,1,1
EPI_ISL_1114468,B.1.1.7,1,1
n1983,B.1.1.7,1,1
n1984,B.1.1.7,1,1
n1985,B.1.1.7,1,1
EPI_ISL_1098152,B.1.1.7,1,1
n1986,B.1.1.7,1,1
EPI_ISL_1098544,B.1.1.7,1,1
EPI_ISL_1098158,B.1.1.7,1,1
EPI_ISL_903362,B.1.1.7,1,0
EPI_ISL_994965,B.1.1.7,1,1
